/* Generated from Go 1.23 unicode (Unicode 15.0.0). Do not edit. */
#ifndef NEVERC_UNICODE_TABLES_H
#define NEVERC_UNICODE_TABLES_H

#include <stdint.h>

typedef struct { uint16_t lo, hi, stride; } nci_ur16;
typedef struct { uint32_t lo, hi, stride; } nci_ur32;
typedef struct {
    const nci_ur16 *r16;
    int n16;
    const nci_ur32 *r32;
    int n32;
    int latin_offset;
} nci_utable;
typedef struct { uint32_t r, u, l, t; } nci_ucase;
typedef struct { uint32_t from, to; } nci_ufold;

enum {
    NCI_PC  = 1 << 0,
    NCI_PP  = 1 << 1,
    NCI_PN  = 1 << 2,
    NCI_PS  = 1 << 3,
    NCI_PZ  = 1 << 4,
    NCI_PLU = 1 << 5,
    NCI_PLL = 1 << 6,
    NCI_PPR = 1 << 7
};

static const uint8_t nci_uprops[256] = {
    0x01,    0x01,    0x01,    0x01,    0x01,    0x01,    0x01,    0x01, /* U+00 */
    0x01,    0x01,    0x01,    0x01,    0x01,    0x01,    0x01,    0x01, /* U+08 */
    0x01,    0x01,    0x01,    0x01,    0x01,    0x01,    0x01,    0x01, /* U+10 */
    0x01,    0x01,    0x01,    0x01,    0x01,    0x01,    0x01,    0x01, /* U+18 */
    0x90,    0x82,    0x82,    0x82,    0x88,    0x82,    0x82,    0x82, /* U+20 */
    0x82,    0x82,    0x82,    0x88,    0x82,    0x82,    0x82,    0x82, /* U+28 */
    0x84,    0x84,    0x84,    0x84,    0x84,    0x84,    0x84,    0x84, /* U+30 */
    0x84,    0x84,    0x82,    0x82,    0x88,    0x88,    0x88,    0x82, /* U+38 */
    0x82,    0xA0,    0xA0,    0xA0,    0xA0,    0xA0,    0xA0,    0xA0, /* U+40 */
    0xA0,    0xA0,    0xA0,    0xA0,    0xA0,    0xA0,    0xA0,    0xA0, /* U+48 */
    0xA0,    0xA0,    0xA0,    0xA0,    0xA0,    0xA0,    0xA0,    0xA0, /* U+50 */
    0xA0,    0xA0,    0xA0,    0x82,    0x82,    0x82,    0x88,    0x82, /* U+58 */
    0x88,    0xC0,    0xC0,    0xC0,    0xC0,    0xC0,    0xC0,    0xC0, /* U+60 */
    0xC0,    0xC0,    0xC0,    0xC0,    0xC0,    0xC0,    0xC0,    0xC0, /* U+68 */
    0xC0,    0xC0,    0xC0,    0xC0,    0xC0,    0xC0,    0xC0,    0xC0, /* U+70 */
    0xC0,    0xC0,    0xC0,    0x82,    0x88,    0x82,    0x88,    0x01, /* U+78 */
    0x01,    0x01,    0x01,    0x01,    0x01,    0x01,    0x01,    0x01, /* U+80 */
    0x01,    0x01,    0x01,    0x01,    0x01,    0x01,    0x01,    0x01, /* U+88 */
    0x01,    0x01,    0x01,    0x01,    0x01,    0x01,    0x01,    0x01, /* U+90 */
    0x01,    0x01,    0x01,    0x01,    0x01,    0x01,    0x01,    0x01, /* U+98 */
    0x10,    0x82,    0x88,    0x88,    0x88,    0x88,    0x88,    0x82, /* U+A0 */
    0x88,    0x88,    0xE0,    0x82,    0x88,    0x00,    0x88,    0x88, /* U+A8 */
    0x88,    0x88,    0x84,    0x84,    0x88,    0xC0,    0x82,    0x82, /* U+B0 */
    0x88,    0x84,    0xE0,    0x82,    0x84,    0x84,    0x84,    0x82, /* U+B8 */
    0xA0,    0xA0,    0xA0,    0xA0,    0xA0,    0xA0,    0xA0,    0xA0, /* U+C0 */
    0xA0,    0xA0,    0xA0,    0xA0,    0xA0,    0xA0,    0xA0,    0xA0, /* U+C8 */
    0xA0,    0xA0,    0xA0,    0xA0,    0xA0,    0xA0,    0xA0,    0x88, /* U+D0 */
    0xA0,    0xA0,    0xA0,    0xA0,    0xA0,    0xA0,    0xA0,    0xC0, /* U+D8 */
    0xC0,    0xC0,    0xC0,    0xC0,    0xC0,    0xC0,    0xC0,    0xC0, /* U+E0 */
    0xC0,    0xC0,    0xC0,    0xC0,    0xC0,    0xC0,    0xC0,    0xC0, /* U+E8 */
    0xC0,    0xC0,    0xC0,    0xC0,    0xC0,    0xC0,    0xC0,    0x88, /* U+F0 */
    0xC0,    0xC0,    0xC0,    0xC0,    0xC0,    0xC0,    0xC0,    0xC0 /* U+F8 */
};

static const uint32_t nci_ascii_fold[128] = {
    0x0000,    0x0001,    0x0002,    0x0003,    0x0004,    0x0005,    0x0006,    0x0007,
    0x0008,    0x0009,    0x000A,    0x000B,    0x000C,    0x000D,    0x000E,    0x000F,
    0x0010,    0x0011,    0x0012,    0x0013,    0x0014,    0x0015,    0x0016,    0x0017,
    0x0018,    0x0019,    0x001A,    0x001B,    0x001C,    0x001D,    0x001E,    0x001F,
    0x0020,    0x0021,    0x0022,    0x0023,    0x0024,    0x0025,    0x0026,    0x0027,
    0x0028,    0x0029,    0x002A,    0x002B,    0x002C,    0x002D,    0x002E,    0x002F,
    0x0030,    0x0031,    0x0032,    0x0033,    0x0034,    0x0035,    0x0036,    0x0037,
    0x0038,    0x0039,    0x003A,    0x003B,    0x003C,    0x003D,    0x003E,    0x003F,
    0x0040,    0x0061,    0x0062,    0x0063,    0x0064,    0x0065,    0x0066,    0x0067,
    0x0068,    0x0069,    0x006A,    0x006B,    0x006C,    0x006D,    0x006E,    0x006F,
    0x0070,    0x0071,    0x0072,    0x0073,    0x0074,    0x0075,    0x0076,    0x0077,
    0x0078,    0x0079,    0x007A,    0x005B,    0x005C,    0x005D,    0x005E,    0x005F,
    0x0060,    0x0041,    0x0042,    0x0043,    0x0044,    0x0045,    0x0046,    0x0047,
    0x0048,    0x0049,    0x004A,    0x212A,    0x004C,    0x004D,    0x004E,    0x004F,
    0x0050,    0x0051,    0x0052,    0x017F,    0x0054,    0x0055,    0x0056,    0x0057,
    0x0058,    0x0059,    0x005A,    0x007B,    0x007C,    0x007D,    0x007E,    0x007F
};

static const nci_ufold nci_case_orbit[] = {
    {0xDF, 0x1E9E},
    {0xE5, 0x212B},
    {0x130, 0x130},
    {0x131, 0x131},
    {0x1C4, 0x1C5},
    {0x1C7, 0x1C8},
    {0x1CA, 0x1CB},
    {0x1F1, 0x1F2},
    {0x3A3, 0x3C2},
    {0x3B2, 0x3D0},
    {0x3B5, 0x3F5},
    {0x3B8, 0x3D1},
    {0x3B9, 0x1FBE},
    {0x3BA, 0x3F0},
    {0x3BC, 0xB5},
    {0x3C0, 0x3D6},
    {0x3C1, 0x3F1},
    {0x3C2, 0x3C3},
    {0x3C6, 0x3D5},
    {0x3C9, 0x2126},
    {0x3D1, 0x3F4},
    {0x3F4, 0x398},
    {0x432, 0x1C80},
    {0x434, 0x1C81},
    {0x43E, 0x1C82},
    {0x441, 0x1C83},
    {0x442, 0x1C84},
    {0x44A, 0x1C86},
    {0x463, 0x1C87},
    {0x1C84, 0x1C85},
    {0x1E61, 0x1E9B},
    {0x1FBE, 0x345},
    {0x2126, 0x3A9},
    {0x212A, 0x4B},
    {0x212B, 0xC5},
    {0xA64B, 0x1C88}
};
#define NCI_CASE_ORBIT_N 36

static const nci_ucase nci_case_map[] = {
    {0x41, 0x41, 0x61, 0x41},
    {0x42, 0x42, 0x62, 0x42},
    {0x43, 0x43, 0x63, 0x43},
    {0x44, 0x44, 0x64, 0x44},
    {0x45, 0x45, 0x65, 0x45},
    {0x46, 0x46, 0x66, 0x46},
    {0x47, 0x47, 0x67, 0x47},
    {0x48, 0x48, 0x68, 0x48},
    {0x49, 0x49, 0x69, 0x49},
    {0x4A, 0x4A, 0x6A, 0x4A},
    {0x4B, 0x4B, 0x6B, 0x4B},
    {0x4C, 0x4C, 0x6C, 0x4C},
    {0x4D, 0x4D, 0x6D, 0x4D},
    {0x4E, 0x4E, 0x6E, 0x4E},
    {0x4F, 0x4F, 0x6F, 0x4F},
    {0x50, 0x50, 0x70, 0x50},
    {0x51, 0x51, 0x71, 0x51},
    {0x52, 0x52, 0x72, 0x52},
    {0x53, 0x53, 0x73, 0x53},
    {0x54, 0x54, 0x74, 0x54},
    {0x55, 0x55, 0x75, 0x55},
    {0x56, 0x56, 0x76, 0x56},
    {0x57, 0x57, 0x77, 0x57},
    {0x58, 0x58, 0x78, 0x58},
    {0x59, 0x59, 0x79, 0x59},
    {0x5A, 0x5A, 0x7A, 0x5A},
    {0x61, 0x41, 0x61, 0x41},
    {0x62, 0x42, 0x62, 0x42},
    {0x63, 0x43, 0x63, 0x43},
    {0x64, 0x44, 0x64, 0x44},
    {0x65, 0x45, 0x65, 0x45},
    {0x66, 0x46, 0x66, 0x46},
    {0x67, 0x47, 0x67, 0x47},
    {0x68, 0x48, 0x68, 0x48},
    {0x69, 0x49, 0x69, 0x49},
    {0x6A, 0x4A, 0x6A, 0x4A},
    {0x6B, 0x4B, 0x6B, 0x4B},
    {0x6C, 0x4C, 0x6C, 0x4C},
    {0x6D, 0x4D, 0x6D, 0x4D},
    {0x6E, 0x4E, 0x6E, 0x4E},
    {0x6F, 0x4F, 0x6F, 0x4F},
    {0x70, 0x50, 0x70, 0x50},
    {0x71, 0x51, 0x71, 0x51},
    {0x72, 0x52, 0x72, 0x52},
    {0x73, 0x53, 0x73, 0x53},
    {0x74, 0x54, 0x74, 0x54},
    {0x75, 0x55, 0x75, 0x55},
    {0x76, 0x56, 0x76, 0x56},
    {0x77, 0x57, 0x77, 0x57},
    {0x78, 0x58, 0x78, 0x58},
    {0x79, 0x59, 0x79, 0x59},
    {0x7A, 0x5A, 0x7A, 0x5A},
    {0xB5, 0x39C, 0xB5, 0x39C},
    {0xC0, 0xC0, 0xE0, 0xC0},
    {0xC1, 0xC1, 0xE1, 0xC1},
    {0xC2, 0xC2, 0xE2, 0xC2},
    {0xC3, 0xC3, 0xE3, 0xC3},
    {0xC4, 0xC4, 0xE4, 0xC4},
    {0xC5, 0xC5, 0xE5, 0xC5},
    {0xC6, 0xC6, 0xE6, 0xC6},
    {0xC7, 0xC7, 0xE7, 0xC7},
    {0xC8, 0xC8, 0xE8, 0xC8},
    {0xC9, 0xC9, 0xE9, 0xC9},
    {0xCA, 0xCA, 0xEA, 0xCA},
    {0xCB, 0xCB, 0xEB, 0xCB},
    {0xCC, 0xCC, 0xEC, 0xCC},
    {0xCD, 0xCD, 0xED, 0xCD},
    {0xCE, 0xCE, 0xEE, 0xCE},
    {0xCF, 0xCF, 0xEF, 0xCF},
    {0xD0, 0xD0, 0xF0, 0xD0},
    {0xD1, 0xD1, 0xF1, 0xD1},
    {0xD2, 0xD2, 0xF2, 0xD2},
    {0xD3, 0xD3, 0xF3, 0xD3},
    {0xD4, 0xD4, 0xF4, 0xD4},
    {0xD5, 0xD5, 0xF5, 0xD5},
    {0xD6, 0xD6, 0xF6, 0xD6},
    {0xD8, 0xD8, 0xF8, 0xD8},
    {0xD9, 0xD9, 0xF9, 0xD9},
    {0xDA, 0xDA, 0xFA, 0xDA},
    {0xDB, 0xDB, 0xFB, 0xDB},
    {0xDC, 0xDC, 0xFC, 0xDC},
    {0xDD, 0xDD, 0xFD, 0xDD},
    {0xDE, 0xDE, 0xFE, 0xDE},
    {0xE0, 0xC0, 0xE0, 0xC0},
    {0xE1, 0xC1, 0xE1, 0xC1},
    {0xE2, 0xC2, 0xE2, 0xC2},
    {0xE3, 0xC3, 0xE3, 0xC3},
    {0xE4, 0xC4, 0xE4, 0xC4},
    {0xE5, 0xC5, 0xE5, 0xC5},
    {0xE6, 0xC6, 0xE6, 0xC6},
    {0xE7, 0xC7, 0xE7, 0xC7},
    {0xE8, 0xC8, 0xE8, 0xC8},
    {0xE9, 0xC9, 0xE9, 0xC9},
    {0xEA, 0xCA, 0xEA, 0xCA},
    {0xEB, 0xCB, 0xEB, 0xCB},
    {0xEC, 0xCC, 0xEC, 0xCC},
    {0xED, 0xCD, 0xED, 0xCD},
    {0xEE, 0xCE, 0xEE, 0xCE},
    {0xEF, 0xCF, 0xEF, 0xCF},
    {0xF0, 0xD0, 0xF0, 0xD0},
    {0xF1, 0xD1, 0xF1, 0xD1},
    {0xF2, 0xD2, 0xF2, 0xD2},
    {0xF3, 0xD3, 0xF3, 0xD3},
    {0xF4, 0xD4, 0xF4, 0xD4},
    {0xF5, 0xD5, 0xF5, 0xD5},
    {0xF6, 0xD6, 0xF6, 0xD6},
    {0xF8, 0xD8, 0xF8, 0xD8},
    {0xF9, 0xD9, 0xF9, 0xD9},
    {0xFA, 0xDA, 0xFA, 0xDA},
    {0xFB, 0xDB, 0xFB, 0xDB},
    {0xFC, 0xDC, 0xFC, 0xDC},
    {0xFD, 0xDD, 0xFD, 0xDD},
    {0xFE, 0xDE, 0xFE, 0xDE},
    {0xFF, 0x178, 0xFF, 0x178},
    {0x100, 0x100, 0x101, 0x100},
    {0x101, 0x100, 0x101, 0x100},
    {0x102, 0x102, 0x103, 0x102},
    {0x103, 0x102, 0x103, 0x102},
    {0x104, 0x104, 0x105, 0x104},
    {0x105, 0x104, 0x105, 0x104},
    {0x106, 0x106, 0x107, 0x106},
    {0x107, 0x106, 0x107, 0x106},
    {0x108, 0x108, 0x109, 0x108},
    {0x109, 0x108, 0x109, 0x108},
    {0x10A, 0x10A, 0x10B, 0x10A},
    {0x10B, 0x10A, 0x10B, 0x10A},
    {0x10C, 0x10C, 0x10D, 0x10C},
    {0x10D, 0x10C, 0x10D, 0x10C},
    {0x10E, 0x10E, 0x10F, 0x10E},
    {0x10F, 0x10E, 0x10F, 0x10E},
    {0x110, 0x110, 0x111, 0x110},
    {0x111, 0x110, 0x111, 0x110},
    {0x112, 0x112, 0x113, 0x112},
    {0x113, 0x112, 0x113, 0x112},
    {0x114, 0x114, 0x115, 0x114},
    {0x115, 0x114, 0x115, 0x114},
    {0x116, 0x116, 0x117, 0x116},
    {0x117, 0x116, 0x117, 0x116},
    {0x118, 0x118, 0x119, 0x118},
    {0x119, 0x118, 0x119, 0x118},
    {0x11A, 0x11A, 0x11B, 0x11A},
    {0x11B, 0x11A, 0x11B, 0x11A},
    {0x11C, 0x11C, 0x11D, 0x11C},
    {0x11D, 0x11C, 0x11D, 0x11C},
    {0x11E, 0x11E, 0x11F, 0x11E},
    {0x11F, 0x11E, 0x11F, 0x11E},
    {0x120, 0x120, 0x121, 0x120},
    {0x121, 0x120, 0x121, 0x120},
    {0x122, 0x122, 0x123, 0x122},
    {0x123, 0x122, 0x123, 0x122},
    {0x124, 0x124, 0x125, 0x124},
    {0x125, 0x124, 0x125, 0x124},
    {0x126, 0x126, 0x127, 0x126},
    {0x127, 0x126, 0x127, 0x126},
    {0x128, 0x128, 0x129, 0x128},
    {0x129, 0x128, 0x129, 0x128},
    {0x12A, 0x12A, 0x12B, 0x12A},
    {0x12B, 0x12A, 0x12B, 0x12A},
    {0x12C, 0x12C, 0x12D, 0x12C},
    {0x12D, 0x12C, 0x12D, 0x12C},
    {0x12E, 0x12E, 0x12F, 0x12E},
    {0x12F, 0x12E, 0x12F, 0x12E},
    {0x130, 0x130, 0x69, 0x130},
    {0x131, 0x49, 0x131, 0x49},
    {0x132, 0x132, 0x133, 0x132},
    {0x133, 0x132, 0x133, 0x132},
    {0x134, 0x134, 0x135, 0x134},
    {0x135, 0x134, 0x135, 0x134},
    {0x136, 0x136, 0x137, 0x136},
    {0x137, 0x136, 0x137, 0x136},
    {0x139, 0x139, 0x13A, 0x139},
    {0x13A, 0x139, 0x13A, 0x139},
    {0x13B, 0x13B, 0x13C, 0x13B},
    {0x13C, 0x13B, 0x13C, 0x13B},
    {0x13D, 0x13D, 0x13E, 0x13D},
    {0x13E, 0x13D, 0x13E, 0x13D},
    {0x13F, 0x13F, 0x140, 0x13F},
    {0x140, 0x13F, 0x140, 0x13F},
    {0x141, 0x141, 0x142, 0x141},
    {0x142, 0x141, 0x142, 0x141},
    {0x143, 0x143, 0x144, 0x143},
    {0x144, 0x143, 0x144, 0x143},
    {0x145, 0x145, 0x146, 0x145},
    {0x146, 0x145, 0x146, 0x145},
    {0x147, 0x147, 0x148, 0x147},
    {0x148, 0x147, 0x148, 0x147},
    {0x14A, 0x14A, 0x14B, 0x14A},
    {0x14B, 0x14A, 0x14B, 0x14A},
    {0x14C, 0x14C, 0x14D, 0x14C},
    {0x14D, 0x14C, 0x14D, 0x14C},
    {0x14E, 0x14E, 0x14F, 0x14E},
    {0x14F, 0x14E, 0x14F, 0x14E},
    {0x150, 0x150, 0x151, 0x150},
    {0x151, 0x150, 0x151, 0x150},
    {0x152, 0x152, 0x153, 0x152},
    {0x153, 0x152, 0x153, 0x152},
    {0x154, 0x154, 0x155, 0x154},
    {0x155, 0x154, 0x155, 0x154},
    {0x156, 0x156, 0x157, 0x156},
    {0x157, 0x156, 0x157, 0x156},
    {0x158, 0x158, 0x159, 0x158},
    {0x159, 0x158, 0x159, 0x158},
    {0x15A, 0x15A, 0x15B, 0x15A},
    {0x15B, 0x15A, 0x15B, 0x15A},
    {0x15C, 0x15C, 0x15D, 0x15C},
    {0x15D, 0x15C, 0x15D, 0x15C},
    {0x15E, 0x15E, 0x15F, 0x15E},
    {0x15F, 0x15E, 0x15F, 0x15E},
    {0x160, 0x160, 0x161, 0x160},
    {0x161, 0x160, 0x161, 0x160},
    {0x162, 0x162, 0x163, 0x162},
    {0x163, 0x162, 0x163, 0x162},
    {0x164, 0x164, 0x165, 0x164},
    {0x165, 0x164, 0x165, 0x164},
    {0x166, 0x166, 0x167, 0x166},
    {0x167, 0x166, 0x167, 0x166},
    {0x168, 0x168, 0x169, 0x168},
    {0x169, 0x168, 0x169, 0x168},
    {0x16A, 0x16A, 0x16B, 0x16A},
    {0x16B, 0x16A, 0x16B, 0x16A},
    {0x16C, 0x16C, 0x16D, 0x16C},
    {0x16D, 0x16C, 0x16D, 0x16C},
    {0x16E, 0x16E, 0x16F, 0x16E},
    {0x16F, 0x16E, 0x16F, 0x16E},
    {0x170, 0x170, 0x171, 0x170},
    {0x171, 0x170, 0x171, 0x170},
    {0x172, 0x172, 0x173, 0x172},
    {0x173, 0x172, 0x173, 0x172},
    {0x174, 0x174, 0x175, 0x174},
    {0x175, 0x174, 0x175, 0x174},
    {0x176, 0x176, 0x177, 0x176},
    {0x177, 0x176, 0x177, 0x176},
    {0x178, 0x178, 0xFF, 0x178},
    {0x179, 0x179, 0x17A, 0x179},
    {0x17A, 0x179, 0x17A, 0x179},
    {0x17B, 0x17B, 0x17C, 0x17B},
    {0x17C, 0x17B, 0x17C, 0x17B},
    {0x17D, 0x17D, 0x17E, 0x17D},
    {0x17E, 0x17D, 0x17E, 0x17D},
    {0x17F, 0x53, 0x17F, 0x53},
    {0x180, 0x243, 0x180, 0x243},
    {0x181, 0x181, 0x253, 0x181},
    {0x182, 0x182, 0x183, 0x182},
    {0x183, 0x182, 0x183, 0x182},
    {0x184, 0x184, 0x185, 0x184},
    {0x185, 0x184, 0x185, 0x184},
    {0x186, 0x186, 0x254, 0x186},
    {0x187, 0x187, 0x188, 0x187},
    {0x188, 0x187, 0x188, 0x187},
    {0x189, 0x189, 0x256, 0x189},
    {0x18A, 0x18A, 0x257, 0x18A},
    {0x18B, 0x18B, 0x18C, 0x18B},
    {0x18C, 0x18B, 0x18C, 0x18B},
    {0x18E, 0x18E, 0x1DD, 0x18E},
    {0x18F, 0x18F, 0x259, 0x18F},
    {0x190, 0x190, 0x25B, 0x190},
    {0x191, 0x191, 0x192, 0x191},
    {0x192, 0x191, 0x192, 0x191},
    {0x193, 0x193, 0x260, 0x193},
    {0x194, 0x194, 0x263, 0x194},
    {0x195, 0x1F6, 0x195, 0x1F6},
    {0x196, 0x196, 0x269, 0x196},
    {0x197, 0x197, 0x268, 0x197},
    {0x198, 0x198, 0x199, 0x198},
    {0x199, 0x198, 0x199, 0x198},
    {0x19A, 0x23D, 0x19A, 0x23D},
    {0x19C, 0x19C, 0x26F, 0x19C},
    {0x19D, 0x19D, 0x272, 0x19D},
    {0x19E, 0x220, 0x19E, 0x220},
    {0x19F, 0x19F, 0x275, 0x19F},
    {0x1A0, 0x1A0, 0x1A1, 0x1A0},
    {0x1A1, 0x1A0, 0x1A1, 0x1A0},
    {0x1A2, 0x1A2, 0x1A3, 0x1A2},
    {0x1A3, 0x1A2, 0x1A3, 0x1A2},
    {0x1A4, 0x1A4, 0x1A5, 0x1A4},
    {0x1A5, 0x1A4, 0x1A5, 0x1A4},
    {0x1A6, 0x1A6, 0x280, 0x1A6},
    {0x1A7, 0x1A7, 0x1A8, 0x1A7},
    {0x1A8, 0x1A7, 0x1A8, 0x1A7},
    {0x1A9, 0x1A9, 0x283, 0x1A9},
    {0x1AC, 0x1AC, 0x1AD, 0x1AC},
    {0x1AD, 0x1AC, 0x1AD, 0x1AC},
    {0x1AE, 0x1AE, 0x288, 0x1AE},
    {0x1AF, 0x1AF, 0x1B0, 0x1AF},
    {0x1B0, 0x1AF, 0x1B0, 0x1AF},
    {0x1B1, 0x1B1, 0x28A, 0x1B1},
    {0x1B2, 0x1B2, 0x28B, 0x1B2},
    {0x1B3, 0x1B3, 0x1B4, 0x1B3},
    {0x1B4, 0x1B3, 0x1B4, 0x1B3},
    {0x1B5, 0x1B5, 0x1B6, 0x1B5},
    {0x1B6, 0x1B5, 0x1B6, 0x1B5},
    {0x1B7, 0x1B7, 0x292, 0x1B7},
    {0x1B8, 0x1B8, 0x1B9, 0x1B8},
    {0x1B9, 0x1B8, 0x1B9, 0x1B8},
    {0x1BC, 0x1BC, 0x1BD, 0x1BC},
    {0x1BD, 0x1BC, 0x1BD, 0x1BC},
    {0x1BF, 0x1F7, 0x1BF, 0x1F7},
    {0x1C4, 0x1C4, 0x1C6, 0x1C5},
    {0x1C5, 0x1C4, 0x1C6, 0x1C5},
    {0x1C6, 0x1C4, 0x1C6, 0x1C5},
    {0x1C7, 0x1C7, 0x1C9, 0x1C8},
    {0x1C8, 0x1C7, 0x1C9, 0x1C8},
    {0x1C9, 0x1C7, 0x1C9, 0x1C8},
    {0x1CA, 0x1CA, 0x1CC, 0x1CB},
    {0x1CB, 0x1CA, 0x1CC, 0x1CB},
    {0x1CC, 0x1CA, 0x1CC, 0x1CB},
    {0x1CD, 0x1CD, 0x1CE, 0x1CD},
    {0x1CE, 0x1CD, 0x1CE, 0x1CD},
    {0x1CF, 0x1CF, 0x1D0, 0x1CF},
    {0x1D0, 0x1CF, 0x1D0, 0x1CF},
    {0x1D1, 0x1D1, 0x1D2, 0x1D1},
    {0x1D2, 0x1D1, 0x1D2, 0x1D1},
    {0x1D3, 0x1D3, 0x1D4, 0x1D3},
    {0x1D4, 0x1D3, 0x1D4, 0x1D3},
    {0x1D5, 0x1D5, 0x1D6, 0x1D5},
    {0x1D6, 0x1D5, 0x1D6, 0x1D5},
    {0x1D7, 0x1D7, 0x1D8, 0x1D7},
    {0x1D8, 0x1D7, 0x1D8, 0x1D7},
    {0x1D9, 0x1D9, 0x1DA, 0x1D9},
    {0x1DA, 0x1D9, 0x1DA, 0x1D9},
    {0x1DB, 0x1DB, 0x1DC, 0x1DB},
    {0x1DC, 0x1DB, 0x1DC, 0x1DB},
    {0x1DD, 0x18E, 0x1DD, 0x18E},
    {0x1DE, 0x1DE, 0x1DF, 0x1DE},
    {0x1DF, 0x1DE, 0x1DF, 0x1DE},
    {0x1E0, 0x1E0, 0x1E1, 0x1E0},
    {0x1E1, 0x1E0, 0x1E1, 0x1E0},
    {0x1E2, 0x1E2, 0x1E3, 0x1E2},
    {0x1E3, 0x1E2, 0x1E3, 0x1E2},
    {0x1E4, 0x1E4, 0x1E5, 0x1E4},
    {0x1E5, 0x1E4, 0x1E5, 0x1E4},
    {0x1E6, 0x1E6, 0x1E7, 0x1E6},
    {0x1E7, 0x1E6, 0x1E7, 0x1E6},
    {0x1E8, 0x1E8, 0x1E9, 0x1E8},
    {0x1E9, 0x1E8, 0x1E9, 0x1E8},
    {0x1EA, 0x1EA, 0x1EB, 0x1EA},
    {0x1EB, 0x1EA, 0x1EB, 0x1EA},
    {0x1EC, 0x1EC, 0x1ED, 0x1EC},
    {0x1ED, 0x1EC, 0x1ED, 0x1EC},
    {0x1EE, 0x1EE, 0x1EF, 0x1EE},
    {0x1EF, 0x1EE, 0x1EF, 0x1EE},
    {0x1F1, 0x1F1, 0x1F3, 0x1F2},
    {0x1F2, 0x1F1, 0x1F3, 0x1F2},
    {0x1F3, 0x1F1, 0x1F3, 0x1F2},
    {0x1F4, 0x1F4, 0x1F5, 0x1F4},
    {0x1F5, 0x1F4, 0x1F5, 0x1F4},
    {0x1F6, 0x1F6, 0x195, 0x1F6},
    {0x1F7, 0x1F7, 0x1BF, 0x1F7},
    {0x1F8, 0x1F8, 0x1F9, 0x1F8},
    {0x1F9, 0x1F8, 0x1F9, 0x1F8},
    {0x1FA, 0x1FA, 0x1FB, 0x1FA},
    {0x1FB, 0x1FA, 0x1FB, 0x1FA},
    {0x1FC, 0x1FC, 0x1FD, 0x1FC},
    {0x1FD, 0x1FC, 0x1FD, 0x1FC},
    {0x1FE, 0x1FE, 0x1FF, 0x1FE},
    {0x1FF, 0x1FE, 0x1FF, 0x1FE},
    {0x200, 0x200, 0x201, 0x200},
    {0x201, 0x200, 0x201, 0x200},
    {0x202, 0x202, 0x203, 0x202},
    {0x203, 0x202, 0x203, 0x202},
    {0x204, 0x204, 0x205, 0x204},
    {0x205, 0x204, 0x205, 0x204},
    {0x206, 0x206, 0x207, 0x206},
    {0x207, 0x206, 0x207, 0x206},
    {0x208, 0x208, 0x209, 0x208},
    {0x209, 0x208, 0x209, 0x208},
    {0x20A, 0x20A, 0x20B, 0x20A},
    {0x20B, 0x20A, 0x20B, 0x20A},
    {0x20C, 0x20C, 0x20D, 0x20C},
    {0x20D, 0x20C, 0x20D, 0x20C},
    {0x20E, 0x20E, 0x20F, 0x20E},
    {0x20F, 0x20E, 0x20F, 0x20E},
    {0x210, 0x210, 0x211, 0x210},
    {0x211, 0x210, 0x211, 0x210},
    {0x212, 0x212, 0x213, 0x212},
    {0x213, 0x212, 0x213, 0x212},
    {0x214, 0x214, 0x215, 0x214},
    {0x215, 0x214, 0x215, 0x214},
    {0x216, 0x216, 0x217, 0x216},
    {0x217, 0x216, 0x217, 0x216},
    {0x218, 0x218, 0x219, 0x218},
    {0x219, 0x218, 0x219, 0x218},
    {0x21A, 0x21A, 0x21B, 0x21A},
    {0x21B, 0x21A, 0x21B, 0x21A},
    {0x21C, 0x21C, 0x21D, 0x21C},
    {0x21D, 0x21C, 0x21D, 0x21C},
    {0x21E, 0x21E, 0x21F, 0x21E},
    {0x21F, 0x21E, 0x21F, 0x21E},
    {0x220, 0x220, 0x19E, 0x220},
    {0x222, 0x222, 0x223, 0x222},
    {0x223, 0x222, 0x223, 0x222},
    {0x224, 0x224, 0x225, 0x224},
    {0x225, 0x224, 0x225, 0x224},
    {0x226, 0x226, 0x227, 0x226},
    {0x227, 0x226, 0x227, 0x226},
    {0x228, 0x228, 0x229, 0x228},
    {0x229, 0x228, 0x229, 0x228},
    {0x22A, 0x22A, 0x22B, 0x22A},
    {0x22B, 0x22A, 0x22B, 0x22A},
    {0x22C, 0x22C, 0x22D, 0x22C},
    {0x22D, 0x22C, 0x22D, 0x22C},
    {0x22E, 0x22E, 0x22F, 0x22E},
    {0x22F, 0x22E, 0x22F, 0x22E},
    {0x230, 0x230, 0x231, 0x230},
    {0x231, 0x230, 0x231, 0x230},
    {0x232, 0x232, 0x233, 0x232},
    {0x233, 0x232, 0x233, 0x232},
    {0x23A, 0x23A, 0x2C65, 0x23A},
    {0x23B, 0x23B, 0x23C, 0x23B},
    {0x23C, 0x23B, 0x23C, 0x23B},
    {0x23D, 0x23D, 0x19A, 0x23D},
    {0x23E, 0x23E, 0x2C66, 0x23E},
    {0x23F, 0x2C7E, 0x23F, 0x2C7E},
    {0x240, 0x2C7F, 0x240, 0x2C7F},
    {0x241, 0x241, 0x242, 0x241},
    {0x242, 0x241, 0x242, 0x241},
    {0x243, 0x243, 0x180, 0x243},
    {0x244, 0x244, 0x289, 0x244},
    {0x245, 0x245, 0x28C, 0x245},
    {0x246, 0x246, 0x247, 0x246},
    {0x247, 0x246, 0x247, 0x246},
    {0x248, 0x248, 0x249, 0x248},
    {0x249, 0x248, 0x249, 0x248},
    {0x24A, 0x24A, 0x24B, 0x24A},
    {0x24B, 0x24A, 0x24B, 0x24A},
    {0x24C, 0x24C, 0x24D, 0x24C},
    {0x24D, 0x24C, 0x24D, 0x24C},
    {0x24E, 0x24E, 0x24F, 0x24E},
    {0x24F, 0x24E, 0x24F, 0x24E},
    {0x250, 0x2C6F, 0x250, 0x2C6F},
    {0x251, 0x2C6D, 0x251, 0x2C6D},
    {0x252, 0x2C70, 0x252, 0x2C70},
    {0x253, 0x181, 0x253, 0x181},
    {0x254, 0x186, 0x254, 0x186},
    {0x256, 0x189, 0x256, 0x189},
    {0x257, 0x18A, 0x257, 0x18A},
    {0x259, 0x18F, 0x259, 0x18F},
    {0x25B, 0x190, 0x25B, 0x190},
    {0x25C, 0xA7AB, 0x25C, 0xA7AB},
    {0x260, 0x193, 0x260, 0x193},
    {0x261, 0xA7AC, 0x261, 0xA7AC},
    {0x263, 0x194, 0x263, 0x194},
    {0x265, 0xA78D, 0x265, 0xA78D},
    {0x266, 0xA7AA, 0x266, 0xA7AA},
    {0x268, 0x197, 0x268, 0x197},
    {0x269, 0x196, 0x269, 0x196},
    {0x26A, 0xA7AE, 0x26A, 0xA7AE},
    {0x26B, 0x2C62, 0x26B, 0x2C62},
    {0x26C, 0xA7AD, 0x26C, 0xA7AD},
    {0x26F, 0x19C, 0x26F, 0x19C},
    {0x271, 0x2C6E, 0x271, 0x2C6E},
    {0x272, 0x19D, 0x272, 0x19D},
    {0x275, 0x19F, 0x275, 0x19F},
    {0x27D, 0x2C64, 0x27D, 0x2C64},
    {0x280, 0x1A6, 0x280, 0x1A6},
    {0x282, 0xA7C5, 0x282, 0xA7C5},
    {0x283, 0x1A9, 0x283, 0x1A9},
    {0x287, 0xA7B1, 0x287, 0xA7B1},
    {0x288, 0x1AE, 0x288, 0x1AE},
    {0x289, 0x244, 0x289, 0x244},
    {0x28A, 0x1B1, 0x28A, 0x1B1},
    {0x28B, 0x1B2, 0x28B, 0x1B2},
    {0x28C, 0x245, 0x28C, 0x245},
    {0x292, 0x1B7, 0x292, 0x1B7},
    {0x29D, 0xA7B2, 0x29D, 0xA7B2},
    {0x29E, 0xA7B0, 0x29E, 0xA7B0},
    {0x345, 0x399, 0x345, 0x399},
    {0x370, 0x370, 0x371, 0x370},
    {0x371, 0x370, 0x371, 0x370},
    {0x372, 0x372, 0x373, 0x372},
    {0x373, 0x372, 0x373, 0x372},
    {0x376, 0x376, 0x377, 0x376},
    {0x377, 0x376, 0x377, 0x376},
    {0x37B, 0x3FD, 0x37B, 0x3FD},
    {0x37C, 0x3FE, 0x37C, 0x3FE},
    {0x37D, 0x3FF, 0x37D, 0x3FF},
    {0x37F, 0x37F, 0x3F3, 0x37F},
    {0x386, 0x386, 0x3AC, 0x386},
    {0x388, 0x388, 0x3AD, 0x388},
    {0x389, 0x389, 0x3AE, 0x389},
    {0x38A, 0x38A, 0x3AF, 0x38A},
    {0x38C, 0x38C, 0x3CC, 0x38C},
    {0x38E, 0x38E, 0x3CD, 0x38E},
    {0x38F, 0x38F, 0x3CE, 0x38F},
    {0x391, 0x391, 0x3B1, 0x391},
    {0x392, 0x392, 0x3B2, 0x392},
    {0x393, 0x393, 0x3B3, 0x393},
    {0x394, 0x394, 0x3B4, 0x394},
    {0x395, 0x395, 0x3B5, 0x395},
    {0x396, 0x396, 0x3B6, 0x396},
    {0x397, 0x397, 0x3B7, 0x397},
    {0x398, 0x398, 0x3B8, 0x398},
    {0x399, 0x399, 0x3B9, 0x399},
    {0x39A, 0x39A, 0x3BA, 0x39A},
    {0x39B, 0x39B, 0x3BB, 0x39B},
    {0x39C, 0x39C, 0x3BC, 0x39C},
    {0x39D, 0x39D, 0x3BD, 0x39D},
    {0x39E, 0x39E, 0x3BE, 0x39E},
    {0x39F, 0x39F, 0x3BF, 0x39F},
    {0x3A0, 0x3A0, 0x3C0, 0x3A0},
    {0x3A1, 0x3A1, 0x3C1, 0x3A1},
    {0x3A3, 0x3A3, 0x3C3, 0x3A3},
    {0x3A4, 0x3A4, 0x3C4, 0x3A4},
    {0x3A5, 0x3A5, 0x3C5, 0x3A5},
    {0x3A6, 0x3A6, 0x3C6, 0x3A6},
    {0x3A7, 0x3A7, 0x3C7, 0x3A7},
    {0x3A8, 0x3A8, 0x3C8, 0x3A8},
    {0x3A9, 0x3A9, 0x3C9, 0x3A9},
    {0x3AA, 0x3AA, 0x3CA, 0x3AA},
    {0x3AB, 0x3AB, 0x3CB, 0x3AB},
    {0x3AC, 0x386, 0x3AC, 0x386},
    {0x3AD, 0x388, 0x3AD, 0x388},
    {0x3AE, 0x389, 0x3AE, 0x389},
    {0x3AF, 0x38A, 0x3AF, 0x38A},
    {0x3B1, 0x391, 0x3B1, 0x391},
    {0x3B2, 0x392, 0x3B2, 0x392},
    {0x3B3, 0x393, 0x3B3, 0x393},
    {0x3B4, 0x394, 0x3B4, 0x394},
    {0x3B5, 0x395, 0x3B5, 0x395},
    {0x3B6, 0x396, 0x3B6, 0x396},
    {0x3B7, 0x397, 0x3B7, 0x397},
    {0x3B8, 0x398, 0x3B8, 0x398},
    {0x3B9, 0x399, 0x3B9, 0x399},
    {0x3BA, 0x39A, 0x3BA, 0x39A},
    {0x3BB, 0x39B, 0x3BB, 0x39B},
    {0x3BC, 0x39C, 0x3BC, 0x39C},
    {0x3BD, 0x39D, 0x3BD, 0x39D},
    {0x3BE, 0x39E, 0x3BE, 0x39E},
    {0x3BF, 0x39F, 0x3BF, 0x39F},
    {0x3C0, 0x3A0, 0x3C0, 0x3A0},
    {0x3C1, 0x3A1, 0x3C1, 0x3A1},
    {0x3C2, 0x3A3, 0x3C2, 0x3A3},
    {0x3C3, 0x3A3, 0x3C3, 0x3A3},
    {0x3C4, 0x3A4, 0x3C4, 0x3A4},
    {0x3C5, 0x3A5, 0x3C5, 0x3A5},
    {0x3C6, 0x3A6, 0x3C6, 0x3A6},
    {0x3C7, 0x3A7, 0x3C7, 0x3A7},
    {0x3C8, 0x3A8, 0x3C8, 0x3A8},
    {0x3C9, 0x3A9, 0x3C9, 0x3A9},
    {0x3CA, 0x3AA, 0x3CA, 0x3AA},
    {0x3CB, 0x3AB, 0x3CB, 0x3AB},
    {0x3CC, 0x38C, 0x3CC, 0x38C},
    {0x3CD, 0x38E, 0x3CD, 0x38E},
    {0x3CE, 0x38F, 0x3CE, 0x38F},
    {0x3CF, 0x3CF, 0x3D7, 0x3CF},
    {0x3D0, 0x392, 0x3D0, 0x392},
    {0x3D1, 0x398, 0x3D1, 0x398},
    {0x3D5, 0x3A6, 0x3D5, 0x3A6},
    {0x3D6, 0x3A0, 0x3D6, 0x3A0},
    {0x3D7, 0x3CF, 0x3D7, 0x3CF},
    {0x3D8, 0x3D8, 0x3D9, 0x3D8},
    {0x3D9, 0x3D8, 0x3D9, 0x3D8},
    {0x3DA, 0x3DA, 0x3DB, 0x3DA},
    {0x3DB, 0x3DA, 0x3DB, 0x3DA},
    {0x3DC, 0x3DC, 0x3DD, 0x3DC},
    {0x3DD, 0x3DC, 0x3DD, 0x3DC},
    {0x3DE, 0x3DE, 0x3DF, 0x3DE},
    {0x3DF, 0x3DE, 0x3DF, 0x3DE},
    {0x3E0, 0x3E0, 0x3E1, 0x3E0},
    {0x3E1, 0x3E0, 0x3E1, 0x3E0},
    {0x3E2, 0x3E2, 0x3E3, 0x3E2},
    {0x3E3, 0x3E2, 0x3E3, 0x3E2},
    {0x3E4, 0x3E4, 0x3E5, 0x3E4},
    {0x3E5, 0x3E4, 0x3E5, 0x3E4},
    {0x3E6, 0x3E6, 0x3E7, 0x3E6},
    {0x3E7, 0x3E6, 0x3E7, 0x3E6},
    {0x3E8, 0x3E8, 0x3E9, 0x3E8},
    {0x3E9, 0x3E8, 0x3E9, 0x3E8},
    {0x3EA, 0x3EA, 0x3EB, 0x3EA},
    {0x3EB, 0x3EA, 0x3EB, 0x3EA},
    {0x3EC, 0x3EC, 0x3ED, 0x3EC},
    {0x3ED, 0x3EC, 0x3ED, 0x3EC},
    {0x3EE, 0x3EE, 0x3EF, 0x3EE},
    {0x3EF, 0x3EE, 0x3EF, 0x3EE},
    {0x3F0, 0x39A, 0x3F0, 0x39A},
    {0x3F1, 0x3A1, 0x3F1, 0x3A1},
    {0x3F2, 0x3F9, 0x3F2, 0x3F9},
    {0x3F3, 0x37F, 0x3F3, 0x37F},
    {0x3F4, 0x3F4, 0x3B8, 0x3F4},
    {0x3F5, 0x395, 0x3F5, 0x395},
    {0x3F7, 0x3F7, 0x3F8, 0x3F7},
    {0x3F8, 0x3F7, 0x3F8, 0x3F7},
    {0x3F9, 0x3F9, 0x3F2, 0x3F9},
    {0x3FA, 0x3FA, 0x3FB, 0x3FA},
    {0x3FB, 0x3FA, 0x3FB, 0x3FA},
    {0x3FD, 0x3FD, 0x37B, 0x3FD},
    {0x3FE, 0x3FE, 0x37C, 0x3FE},
    {0x3FF, 0x3FF, 0x37D, 0x3FF},
    {0x400, 0x400, 0x450, 0x400},
    {0x401, 0x401, 0x451, 0x401},
    {0x402, 0x402, 0x452, 0x402},
    {0x403, 0x403, 0x453, 0x403},
    {0x404, 0x404, 0x454, 0x404},
    {0x405, 0x405, 0x455, 0x405},
    {0x406, 0x406, 0x456, 0x406},
    {0x407, 0x407, 0x457, 0x407},
    {0x408, 0x408, 0x458, 0x408},
    {0x409, 0x409, 0x459, 0x409},
    {0x40A, 0x40A, 0x45A, 0x40A},
    {0x40B, 0x40B, 0x45B, 0x40B},
    {0x40C, 0x40C, 0x45C, 0x40C},
    {0x40D, 0x40D, 0x45D, 0x40D},
    {0x40E, 0x40E, 0x45E, 0x40E},
    {0x40F, 0x40F, 0x45F, 0x40F},
    {0x410, 0x410, 0x430, 0x410},
    {0x411, 0x411, 0x431, 0x411},
    {0x412, 0x412, 0x432, 0x412},
    {0x413, 0x413, 0x433, 0x413},
    {0x414, 0x414, 0x434, 0x414},
    {0x415, 0x415, 0x435, 0x415},
    {0x416, 0x416, 0x436, 0x416},
    {0x417, 0x417, 0x437, 0x417},
    {0x418, 0x418, 0x438, 0x418},
    {0x419, 0x419, 0x439, 0x419},
    {0x41A, 0x41A, 0x43A, 0x41A},
    {0x41B, 0x41B, 0x43B, 0x41B},
    {0x41C, 0x41C, 0x43C, 0x41C},
    {0x41D, 0x41D, 0x43D, 0x41D},
    {0x41E, 0x41E, 0x43E, 0x41E},
    {0x41F, 0x41F, 0x43F, 0x41F},
    {0x420, 0x420, 0x440, 0x420},
    {0x421, 0x421, 0x441, 0x421},
    {0x422, 0x422, 0x442, 0x422},
    {0x423, 0x423, 0x443, 0x423},
    {0x424, 0x424, 0x444, 0x424},
    {0x425, 0x425, 0x445, 0x425},
    {0x426, 0x426, 0x446, 0x426},
    {0x427, 0x427, 0x447, 0x427},
    {0x428, 0x428, 0x448, 0x428},
    {0x429, 0x429, 0x449, 0x429},
    {0x42A, 0x42A, 0x44A, 0x42A},
    {0x42B, 0x42B, 0x44B, 0x42B},
    {0x42C, 0x42C, 0x44C, 0x42C},
    {0x42D, 0x42D, 0x44D, 0x42D},
    {0x42E, 0x42E, 0x44E, 0x42E},
    {0x42F, 0x42F, 0x44F, 0x42F},
    {0x430, 0x410, 0x430, 0x410},
    {0x431, 0x411, 0x431, 0x411},
    {0x432, 0x412, 0x432, 0x412},
    {0x433, 0x413, 0x433, 0x413},
    {0x434, 0x414, 0x434, 0x414},
    {0x435, 0x415, 0x435, 0x415},
    {0x436, 0x416, 0x436, 0x416},
    {0x437, 0x417, 0x437, 0x417},
    {0x438, 0x418, 0x438, 0x418},
    {0x439, 0x419, 0x439, 0x419},
    {0x43A, 0x41A, 0x43A, 0x41A},
    {0x43B, 0x41B, 0x43B, 0x41B},
    {0x43C, 0x41C, 0x43C, 0x41C},
    {0x43D, 0x41D, 0x43D, 0x41D},
    {0x43E, 0x41E, 0x43E, 0x41E},
    {0x43F, 0x41F, 0x43F, 0x41F},
    {0x440, 0x420, 0x440, 0x420},
    {0x441, 0x421, 0x441, 0x421},
    {0x442, 0x422, 0x442, 0x422},
    {0x443, 0x423, 0x443, 0x423},
    {0x444, 0x424, 0x444, 0x424},
    {0x445, 0x425, 0x445, 0x425},
    {0x446, 0x426, 0x446, 0x426},
    {0x447, 0x427, 0x447, 0x427},
    {0x448, 0x428, 0x448, 0x428},
    {0x449, 0x429, 0x449, 0x429},
    {0x44A, 0x42A, 0x44A, 0x42A},
    {0x44B, 0x42B, 0x44B, 0x42B},
    {0x44C, 0x42C, 0x44C, 0x42C},
    {0x44D, 0x42D, 0x44D, 0x42D},
    {0x44E, 0x42E, 0x44E, 0x42E},
    {0x44F, 0x42F, 0x44F, 0x42F},
    {0x450, 0x400, 0x450, 0x400},
    {0x451, 0x401, 0x451, 0x401},
    {0x452, 0x402, 0x452, 0x402},
    {0x453, 0x403, 0x453, 0x403},
    {0x454, 0x404, 0x454, 0x404},
    {0x455, 0x405, 0x455, 0x405},
    {0x456, 0x406, 0x456, 0x406},
    {0x457, 0x407, 0x457, 0x407},
    {0x458, 0x408, 0x458, 0x408},
    {0x459, 0x409, 0x459, 0x409},
    {0x45A, 0x40A, 0x45A, 0x40A},
    {0x45B, 0x40B, 0x45B, 0x40B},
    {0x45C, 0x40C, 0x45C, 0x40C},
    {0x45D, 0x40D, 0x45D, 0x40D},
    {0x45E, 0x40E, 0x45E, 0x40E},
    {0x45F, 0x40F, 0x45F, 0x40F},
    {0x460, 0x460, 0x461, 0x460},
    {0x461, 0x460, 0x461, 0x460},
    {0x462, 0x462, 0x463, 0x462},
    {0x463, 0x462, 0x463, 0x462},
    {0x464, 0x464, 0x465, 0x464},
    {0x465, 0x464, 0x465, 0x464},
    {0x466, 0x466, 0x467, 0x466},
    {0x467, 0x466, 0x467, 0x466},
    {0x468, 0x468, 0x469, 0x468},
    {0x469, 0x468, 0x469, 0x468},
    {0x46A, 0x46A, 0x46B, 0x46A},
    {0x46B, 0x46A, 0x46B, 0x46A},
    {0x46C, 0x46C, 0x46D, 0x46C},
    {0x46D, 0x46C, 0x46D, 0x46C},
    {0x46E, 0x46E, 0x46F, 0x46E},
    {0x46F, 0x46E, 0x46F, 0x46E},
    {0x470, 0x470, 0x471, 0x470},
    {0x471, 0x470, 0x471, 0x470},
    {0x472, 0x472, 0x473, 0x472},
    {0x473, 0x472, 0x473, 0x472},
    {0x474, 0x474, 0x475, 0x474},
    {0x475, 0x474, 0x475, 0x474},
    {0x476, 0x476, 0x477, 0x476},
    {0x477, 0x476, 0x477, 0x476},
    {0x478, 0x478, 0x479, 0x478},
    {0x479, 0x478, 0x479, 0x478},
    {0x47A, 0x47A, 0x47B, 0x47A},
    {0x47B, 0x47A, 0x47B, 0x47A},
    {0x47C, 0x47C, 0x47D, 0x47C},
    {0x47D, 0x47C, 0x47D, 0x47C},
    {0x47E, 0x47E, 0x47F, 0x47E},
    {0x47F, 0x47E, 0x47F, 0x47E},
    {0x480, 0x480, 0x481, 0x480},
    {0x481, 0x480, 0x481, 0x480},
    {0x48A, 0x48A, 0x48B, 0x48A},
    {0x48B, 0x48A, 0x48B, 0x48A},
    {0x48C, 0x48C, 0x48D, 0x48C},
    {0x48D, 0x48C, 0x48D, 0x48C},
    {0x48E, 0x48E, 0x48F, 0x48E},
    {0x48F, 0x48E, 0x48F, 0x48E},
    {0x490, 0x490, 0x491, 0x490},
    {0x491, 0x490, 0x491, 0x490},
    {0x492, 0x492, 0x493, 0x492},
    {0x493, 0x492, 0x493, 0x492},
    {0x494, 0x494, 0x495, 0x494},
    {0x495, 0x494, 0x495, 0x494},
    {0x496, 0x496, 0x497, 0x496},
    {0x497, 0x496, 0x497, 0x496},
    {0x498, 0x498, 0x499, 0x498},
    {0x499, 0x498, 0x499, 0x498},
    {0x49A, 0x49A, 0x49B, 0x49A},
    {0x49B, 0x49A, 0x49B, 0x49A},
    {0x49C, 0x49C, 0x49D, 0x49C},
    {0x49D, 0x49C, 0x49D, 0x49C},
    {0x49E, 0x49E, 0x49F, 0x49E},
    {0x49F, 0x49E, 0x49F, 0x49E},
    {0x4A0, 0x4A0, 0x4A1, 0x4A0},
    {0x4A1, 0x4A0, 0x4A1, 0x4A0},
    {0x4A2, 0x4A2, 0x4A3, 0x4A2},
    {0x4A3, 0x4A2, 0x4A3, 0x4A2},
    {0x4A4, 0x4A4, 0x4A5, 0x4A4},
    {0x4A5, 0x4A4, 0x4A5, 0x4A4},
    {0x4A6, 0x4A6, 0x4A7, 0x4A6},
    {0x4A7, 0x4A6, 0x4A7, 0x4A6},
    {0x4A8, 0x4A8, 0x4A9, 0x4A8},
    {0x4A9, 0x4A8, 0x4A9, 0x4A8},
    {0x4AA, 0x4AA, 0x4AB, 0x4AA},
    {0x4AB, 0x4AA, 0x4AB, 0x4AA},
    {0x4AC, 0x4AC, 0x4AD, 0x4AC},
    {0x4AD, 0x4AC, 0x4AD, 0x4AC},
    {0x4AE, 0x4AE, 0x4AF, 0x4AE},
    {0x4AF, 0x4AE, 0x4AF, 0x4AE},
    {0x4B0, 0x4B0, 0x4B1, 0x4B0},
    {0x4B1, 0x4B0, 0x4B1, 0x4B0},
    {0x4B2, 0x4B2, 0x4B3, 0x4B2},
    {0x4B3, 0x4B2, 0x4B3, 0x4B2},
    {0x4B4, 0x4B4, 0x4B5, 0x4B4},
    {0x4B5, 0x4B4, 0x4B5, 0x4B4},
    {0x4B6, 0x4B6, 0x4B7, 0x4B6},
    {0x4B7, 0x4B6, 0x4B7, 0x4B6},
    {0x4B8, 0x4B8, 0x4B9, 0x4B8},
    {0x4B9, 0x4B8, 0x4B9, 0x4B8},
    {0x4BA, 0x4BA, 0x4BB, 0x4BA},
    {0x4BB, 0x4BA, 0x4BB, 0x4BA},
    {0x4BC, 0x4BC, 0x4BD, 0x4BC},
    {0x4BD, 0x4BC, 0x4BD, 0x4BC},
    {0x4BE, 0x4BE, 0x4BF, 0x4BE},
    {0x4BF, 0x4BE, 0x4BF, 0x4BE},
    {0x4C0, 0x4C0, 0x4CF, 0x4C0},
    {0x4C1, 0x4C1, 0x4C2, 0x4C1},
    {0x4C2, 0x4C1, 0x4C2, 0x4C1},
    {0x4C3, 0x4C3, 0x4C4, 0x4C3},
    {0x4C4, 0x4C3, 0x4C4, 0x4C3},
    {0x4C5, 0x4C5, 0x4C6, 0x4C5},
    {0x4C6, 0x4C5, 0x4C6, 0x4C5},
    {0x4C7, 0x4C7, 0x4C8, 0x4C7},
    {0x4C8, 0x4C7, 0x4C8, 0x4C7},
    {0x4C9, 0x4C9, 0x4CA, 0x4C9},
    {0x4CA, 0x4C9, 0x4CA, 0x4C9},
    {0x4CB, 0x4CB, 0x4CC, 0x4CB},
    {0x4CC, 0x4CB, 0x4CC, 0x4CB},
    {0x4CD, 0x4CD, 0x4CE, 0x4CD},
    {0x4CE, 0x4CD, 0x4CE, 0x4CD},
    {0x4CF, 0x4C0, 0x4CF, 0x4C0},
    {0x4D0, 0x4D0, 0x4D1, 0x4D0},
    {0x4D1, 0x4D0, 0x4D1, 0x4D0},
    {0x4D2, 0x4D2, 0x4D3, 0x4D2},
    {0x4D3, 0x4D2, 0x4D3, 0x4D2},
    {0x4D4, 0x4D4, 0x4D5, 0x4D4},
    {0x4D5, 0x4D4, 0x4D5, 0x4D4},
    {0x4D6, 0x4D6, 0x4D7, 0x4D6},
    {0x4D7, 0x4D6, 0x4D7, 0x4D6},
    {0x4D8, 0x4D8, 0x4D9, 0x4D8},
    {0x4D9, 0x4D8, 0x4D9, 0x4D8},
    {0x4DA, 0x4DA, 0x4DB, 0x4DA},
    {0x4DB, 0x4DA, 0x4DB, 0x4DA},
    {0x4DC, 0x4DC, 0x4DD, 0x4DC},
    {0x4DD, 0x4DC, 0x4DD, 0x4DC},
    {0x4DE, 0x4DE, 0x4DF, 0x4DE},
    {0x4DF, 0x4DE, 0x4DF, 0x4DE},
    {0x4E0, 0x4E0, 0x4E1, 0x4E0},
    {0x4E1, 0x4E0, 0x4E1, 0x4E0},
    {0x4E2, 0x4E2, 0x4E3, 0x4E2},
    {0x4E3, 0x4E2, 0x4E3, 0x4E2},
    {0x4E4, 0x4E4, 0x4E5, 0x4E4},
    {0x4E5, 0x4E4, 0x4E5, 0x4E4},
    {0x4E6, 0x4E6, 0x4E7, 0x4E6},
    {0x4E7, 0x4E6, 0x4E7, 0x4E6},
    {0x4E8, 0x4E8, 0x4E9, 0x4E8},
    {0x4E9, 0x4E8, 0x4E9, 0x4E8},
    {0x4EA, 0x4EA, 0x4EB, 0x4EA},
    {0x4EB, 0x4EA, 0x4EB, 0x4EA},
    {0x4EC, 0x4EC, 0x4ED, 0x4EC},
    {0x4ED, 0x4EC, 0x4ED, 0x4EC},
    {0x4EE, 0x4EE, 0x4EF, 0x4EE},
    {0x4EF, 0x4EE, 0x4EF, 0x4EE},
    {0x4F0, 0x4F0, 0x4F1, 0x4F0},
    {0x4F1, 0x4F0, 0x4F1, 0x4F0},
    {0x4F2, 0x4F2, 0x4F3, 0x4F2},
    {0x4F3, 0x4F2, 0x4F3, 0x4F2},
    {0x4F4, 0x4F4, 0x4F5, 0x4F4},
    {0x4F5, 0x4F4, 0x4F5, 0x4F4},
    {0x4F6, 0x4F6, 0x4F7, 0x4F6},
    {0x4F7, 0x4F6, 0x4F7, 0x4F6},
    {0x4F8, 0x4F8, 0x4F9, 0x4F8},
    {0x4F9, 0x4F8, 0x4F9, 0x4F8},
    {0x4FA, 0x4FA, 0x4FB, 0x4FA},
    {0x4FB, 0x4FA, 0x4FB, 0x4FA},
    {0x4FC, 0x4FC, 0x4FD, 0x4FC},
    {0x4FD, 0x4FC, 0x4FD, 0x4FC},
    {0x4FE, 0x4FE, 0x4FF, 0x4FE},
    {0x4FF, 0x4FE, 0x4FF, 0x4FE},
    {0x500, 0x500, 0x501, 0x500},
    {0x501, 0x500, 0x501, 0x500},
    {0x502, 0x502, 0x503, 0x502},
    {0x503, 0x502, 0x503, 0x502},
    {0x504, 0x504, 0x505, 0x504},
    {0x505, 0x504, 0x505, 0x504},
    {0x506, 0x506, 0x507, 0x506},
    {0x507, 0x506, 0x507, 0x506},
    {0x508, 0x508, 0x509, 0x508},
    {0x509, 0x508, 0x509, 0x508},
    {0x50A, 0x50A, 0x50B, 0x50A},
    {0x50B, 0x50A, 0x50B, 0x50A},
    {0x50C, 0x50C, 0x50D, 0x50C},
    {0x50D, 0x50C, 0x50D, 0x50C},
    {0x50E, 0x50E, 0x50F, 0x50E},
    {0x50F, 0x50E, 0x50F, 0x50E},
    {0x510, 0x510, 0x511, 0x510},
    {0x511, 0x510, 0x511, 0x510},
    {0x512, 0x512, 0x513, 0x512},
    {0x513, 0x512, 0x513, 0x512},
    {0x514, 0x514, 0x515, 0x514},
    {0x515, 0x514, 0x515, 0x514},
    {0x516, 0x516, 0x517, 0x516},
    {0x517, 0x516, 0x517, 0x516},
    {0x518, 0x518, 0x519, 0x518},
    {0x519, 0x518, 0x519, 0x518},
    {0x51A, 0x51A, 0x51B, 0x51A},
    {0x51B, 0x51A, 0x51B, 0x51A},
    {0x51C, 0x51C, 0x51D, 0x51C},
    {0x51D, 0x51C, 0x51D, 0x51C},
    {0x51E, 0x51E, 0x51F, 0x51E},
    {0x51F, 0x51E, 0x51F, 0x51E},
    {0x520, 0x520, 0x521, 0x520},
    {0x521, 0x520, 0x521, 0x520},
    {0x522, 0x522, 0x523, 0x522},
    {0x523, 0x522, 0x523, 0x522},
    {0x524, 0x524, 0x525, 0x524},
    {0x525, 0x524, 0x525, 0x524},
    {0x526, 0x526, 0x527, 0x526},
    {0x527, 0x526, 0x527, 0x526},
    {0x528, 0x528, 0x529, 0x528},
    {0x529, 0x528, 0x529, 0x528},
    {0x52A, 0x52A, 0x52B, 0x52A},
    {0x52B, 0x52A, 0x52B, 0x52A},
    {0x52C, 0x52C, 0x52D, 0x52C},
    {0x52D, 0x52C, 0x52D, 0x52C},
    {0x52E, 0x52E, 0x52F, 0x52E},
    {0x52F, 0x52E, 0x52F, 0x52E},
    {0x531, 0x531, 0x561, 0x531},
    {0x532, 0x532, 0x562, 0x532},
    {0x533, 0x533, 0x563, 0x533},
    {0x534, 0x534, 0x564, 0x534},
    {0x535, 0x535, 0x565, 0x535},
    {0x536, 0x536, 0x566, 0x536},
    {0x537, 0x537, 0x567, 0x537},
    {0x538, 0x538, 0x568, 0x538},
    {0x539, 0x539, 0x569, 0x539},
    {0x53A, 0x53A, 0x56A, 0x53A},
    {0x53B, 0x53B, 0x56B, 0x53B},
    {0x53C, 0x53C, 0x56C, 0x53C},
    {0x53D, 0x53D, 0x56D, 0x53D},
    {0x53E, 0x53E, 0x56E, 0x53E},
    {0x53F, 0x53F, 0x56F, 0x53F},
    {0x540, 0x540, 0x570, 0x540},
    {0x541, 0x541, 0x571, 0x541},
    {0x542, 0x542, 0x572, 0x542},
    {0x543, 0x543, 0x573, 0x543},
    {0x544, 0x544, 0x574, 0x544},
    {0x545, 0x545, 0x575, 0x545},
    {0x546, 0x546, 0x576, 0x546},
    {0x547, 0x547, 0x577, 0x547},
    {0x548, 0x548, 0x578, 0x548},
    {0x549, 0x549, 0x579, 0x549},
    {0x54A, 0x54A, 0x57A, 0x54A},
    {0x54B, 0x54B, 0x57B, 0x54B},
    {0x54C, 0x54C, 0x57C, 0x54C},
    {0x54D, 0x54D, 0x57D, 0x54D},
    {0x54E, 0x54E, 0x57E, 0x54E},
    {0x54F, 0x54F, 0x57F, 0x54F},
    {0x550, 0x550, 0x580, 0x550},
    {0x551, 0x551, 0x581, 0x551},
    {0x552, 0x552, 0x582, 0x552},
    {0x553, 0x553, 0x583, 0x553},
    {0x554, 0x554, 0x584, 0x554},
    {0x555, 0x555, 0x585, 0x555},
    {0x556, 0x556, 0x586, 0x556},
    {0x561, 0x531, 0x561, 0x531},
    {0x562, 0x532, 0x562, 0x532},
    {0x563, 0x533, 0x563, 0x533},
    {0x564, 0x534, 0x564, 0x534},
    {0x565, 0x535, 0x565, 0x535},
    {0x566, 0x536, 0x566, 0x536},
    {0x567, 0x537, 0x567, 0x537},
    {0x568, 0x538, 0x568, 0x538},
    {0x569, 0x539, 0x569, 0x539},
    {0x56A, 0x53A, 0x56A, 0x53A},
    {0x56B, 0x53B, 0x56B, 0x53B},
    {0x56C, 0x53C, 0x56C, 0x53C},
    {0x56D, 0x53D, 0x56D, 0x53D},
    {0x56E, 0x53E, 0x56E, 0x53E},
    {0x56F, 0x53F, 0x56F, 0x53F},
    {0x570, 0x540, 0x570, 0x540},
    {0x571, 0x541, 0x571, 0x541},
    {0x572, 0x542, 0x572, 0x542},
    {0x573, 0x543, 0x573, 0x543},
    {0x574, 0x544, 0x574, 0x544},
    {0x575, 0x545, 0x575, 0x545},
    {0x576, 0x546, 0x576, 0x546},
    {0x577, 0x547, 0x577, 0x547},
    {0x578, 0x548, 0x578, 0x548},
    {0x579, 0x549, 0x579, 0x549},
    {0x57A, 0x54A, 0x57A, 0x54A},
    {0x57B, 0x54B, 0x57B, 0x54B},
    {0x57C, 0x54C, 0x57C, 0x54C},
    {0x57D, 0x54D, 0x57D, 0x54D},
    {0x57E, 0x54E, 0x57E, 0x54E},
    {0x57F, 0x54F, 0x57F, 0x54F},
    {0x580, 0x550, 0x580, 0x550},
    {0x581, 0x551, 0x581, 0x551},
    {0x582, 0x552, 0x582, 0x552},
    {0x583, 0x553, 0x583, 0x553},
    {0x584, 0x554, 0x584, 0x554},
    {0x585, 0x555, 0x585, 0x555},
    {0x586, 0x556, 0x586, 0x556},
    {0x10A0, 0x10A0, 0x2D00, 0x10A0},
    {0x10A1, 0x10A1, 0x2D01, 0x10A1},
    {0x10A2, 0x10A2, 0x2D02, 0x10A2},
    {0x10A3, 0x10A3, 0x2D03, 0x10A3},
    {0x10A4, 0x10A4, 0x2D04, 0x10A4},
    {0x10A5, 0x10A5, 0x2D05, 0x10A5},
    {0x10A6, 0x10A6, 0x2D06, 0x10A6},
    {0x10A7, 0x10A7, 0x2D07, 0x10A7},
    {0x10A8, 0x10A8, 0x2D08, 0x10A8},
    {0x10A9, 0x10A9, 0x2D09, 0x10A9},
    {0x10AA, 0x10AA, 0x2D0A, 0x10AA},
    {0x10AB, 0x10AB, 0x2D0B, 0x10AB},
    {0x10AC, 0x10AC, 0x2D0C, 0x10AC},
    {0x10AD, 0x10AD, 0x2D0D, 0x10AD},
    {0x10AE, 0x10AE, 0x2D0E, 0x10AE},
    {0x10AF, 0x10AF, 0x2D0F, 0x10AF},
    {0x10B0, 0x10B0, 0x2D10, 0x10B0},
    {0x10B1, 0x10B1, 0x2D11, 0x10B1},
    {0x10B2, 0x10B2, 0x2D12, 0x10B2},
    {0x10B3, 0x10B3, 0x2D13, 0x10B3},
    {0x10B4, 0x10B4, 0x2D14, 0x10B4},
    {0x10B5, 0x10B5, 0x2D15, 0x10B5},
    {0x10B6, 0x10B6, 0x2D16, 0x10B6},
    {0x10B7, 0x10B7, 0x2D17, 0x10B7},
    {0x10B8, 0x10B8, 0x2D18, 0x10B8},
    {0x10B9, 0x10B9, 0x2D19, 0x10B9},
    {0x10BA, 0x10BA, 0x2D1A, 0x10BA},
    {0x10BB, 0x10BB, 0x2D1B, 0x10BB},
    {0x10BC, 0x10BC, 0x2D1C, 0x10BC},
    {0x10BD, 0x10BD, 0x2D1D, 0x10BD},
    {0x10BE, 0x10BE, 0x2D1E, 0x10BE},
    {0x10BF, 0x10BF, 0x2D1F, 0x10BF},
    {0x10C0, 0x10C0, 0x2D20, 0x10C0},
    {0x10C1, 0x10C1, 0x2D21, 0x10C1},
    {0x10C2, 0x10C2, 0x2D22, 0x10C2},
    {0x10C3, 0x10C3, 0x2D23, 0x10C3},
    {0x10C4, 0x10C4, 0x2D24, 0x10C4},
    {0x10C5, 0x10C5, 0x2D25, 0x10C5},
    {0x10C7, 0x10C7, 0x2D27, 0x10C7},
    {0x10CD, 0x10CD, 0x2D2D, 0x10CD},
    {0x10D0, 0x1C90, 0x10D0, 0x10D0},
    {0x10D1, 0x1C91, 0x10D1, 0x10D1},
    {0x10D2, 0x1C92, 0x10D2, 0x10D2},
    {0x10D3, 0x1C93, 0x10D3, 0x10D3},
    {0x10D4, 0x1C94, 0x10D4, 0x10D4},
    {0x10D5, 0x1C95, 0x10D5, 0x10D5},
    {0x10D6, 0x1C96, 0x10D6, 0x10D6},
    {0x10D7, 0x1C97, 0x10D7, 0x10D7},
    {0x10D8, 0x1C98, 0x10D8, 0x10D8},
    {0x10D9, 0x1C99, 0x10D9, 0x10D9},
    {0x10DA, 0x1C9A, 0x10DA, 0x10DA},
    {0x10DB, 0x1C9B, 0x10DB, 0x10DB},
    {0x10DC, 0x1C9C, 0x10DC, 0x10DC},
    {0x10DD, 0x1C9D, 0x10DD, 0x10DD},
    {0x10DE, 0x1C9E, 0x10DE, 0x10DE},
    {0x10DF, 0x1C9F, 0x10DF, 0x10DF},
    {0x10E0, 0x1CA0, 0x10E0, 0x10E0},
    {0x10E1, 0x1CA1, 0x10E1, 0x10E1},
    {0x10E2, 0x1CA2, 0x10E2, 0x10E2},
    {0x10E3, 0x1CA3, 0x10E3, 0x10E3},
    {0x10E4, 0x1CA4, 0x10E4, 0x10E4},
    {0x10E5, 0x1CA5, 0x10E5, 0x10E5},
    {0x10E6, 0x1CA6, 0x10E6, 0x10E6},
    {0x10E7, 0x1CA7, 0x10E7, 0x10E7},
    {0x10E8, 0x1CA8, 0x10E8, 0x10E8},
    {0x10E9, 0x1CA9, 0x10E9, 0x10E9},
    {0x10EA, 0x1CAA, 0x10EA, 0x10EA},
    {0x10EB, 0x1CAB, 0x10EB, 0x10EB},
    {0x10EC, 0x1CAC, 0x10EC, 0x10EC},
    {0x10ED, 0x1CAD, 0x10ED, 0x10ED},
    {0x10EE, 0x1CAE, 0x10EE, 0x10EE},
    {0x10EF, 0x1CAF, 0x10EF, 0x10EF},
    {0x10F0, 0x1CB0, 0x10F0, 0x10F0},
    {0x10F1, 0x1CB1, 0x10F1, 0x10F1},
    {0x10F2, 0x1CB2, 0x10F2, 0x10F2},
    {0x10F3, 0x1CB3, 0x10F3, 0x10F3},
    {0x10F4, 0x1CB4, 0x10F4, 0x10F4},
    {0x10F5, 0x1CB5, 0x10F5, 0x10F5},
    {0x10F6, 0x1CB6, 0x10F6, 0x10F6},
    {0x10F7, 0x1CB7, 0x10F7, 0x10F7},
    {0x10F8, 0x1CB8, 0x10F8, 0x10F8},
    {0x10F9, 0x1CB9, 0x10F9, 0x10F9},
    {0x10FA, 0x1CBA, 0x10FA, 0x10FA},
    {0x10FD, 0x1CBD, 0x10FD, 0x10FD},
    {0x10FE, 0x1CBE, 0x10FE, 0x10FE},
    {0x10FF, 0x1CBF, 0x10FF, 0x10FF},
    {0x13A0, 0x13A0, 0xAB70, 0x13A0},
    {0x13A1, 0x13A1, 0xAB71, 0x13A1},
    {0x13A2, 0x13A2, 0xAB72, 0x13A2},
    {0x13A3, 0x13A3, 0xAB73, 0x13A3},
    {0x13A4, 0x13A4, 0xAB74, 0x13A4},
    {0x13A5, 0x13A5, 0xAB75, 0x13A5},
    {0x13A6, 0x13A6, 0xAB76, 0x13A6},
    {0x13A7, 0x13A7, 0xAB77, 0x13A7},
    {0x13A8, 0x13A8, 0xAB78, 0x13A8},
    {0x13A9, 0x13A9, 0xAB79, 0x13A9},
    {0x13AA, 0x13AA, 0xAB7A, 0x13AA},
    {0x13AB, 0x13AB, 0xAB7B, 0x13AB},
    {0x13AC, 0x13AC, 0xAB7C, 0x13AC},
    {0x13AD, 0x13AD, 0xAB7D, 0x13AD},
    {0x13AE, 0x13AE, 0xAB7E, 0x13AE},
    {0x13AF, 0x13AF, 0xAB7F, 0x13AF},
    {0x13B0, 0x13B0, 0xAB80, 0x13B0},
    {0x13B1, 0x13B1, 0xAB81, 0x13B1},
    {0x13B2, 0x13B2, 0xAB82, 0x13B2},
    {0x13B3, 0x13B3, 0xAB83, 0x13B3},
    {0x13B4, 0x13B4, 0xAB84, 0x13B4},
    {0x13B5, 0x13B5, 0xAB85, 0x13B5},
    {0x13B6, 0x13B6, 0xAB86, 0x13B6},
    {0x13B7, 0x13B7, 0xAB87, 0x13B7},
    {0x13B8, 0x13B8, 0xAB88, 0x13B8},
    {0x13B9, 0x13B9, 0xAB89, 0x13B9},
    {0x13BA, 0x13BA, 0xAB8A, 0x13BA},
    {0x13BB, 0x13BB, 0xAB8B, 0x13BB},
    {0x13BC, 0x13BC, 0xAB8C, 0x13BC},
    {0x13BD, 0x13BD, 0xAB8D, 0x13BD},
    {0x13BE, 0x13BE, 0xAB8E, 0x13BE},
    {0x13BF, 0x13BF, 0xAB8F, 0x13BF},
    {0x13C0, 0x13C0, 0xAB90, 0x13C0},
    {0x13C1, 0x13C1, 0xAB91, 0x13C1},
    {0x13C2, 0x13C2, 0xAB92, 0x13C2},
    {0x13C3, 0x13C3, 0xAB93, 0x13C3},
    {0x13C4, 0x13C4, 0xAB94, 0x13C4},
    {0x13C5, 0x13C5, 0xAB95, 0x13C5},
    {0x13C6, 0x13C6, 0xAB96, 0x13C6},
    {0x13C7, 0x13C7, 0xAB97, 0x13C7},
    {0x13C8, 0x13C8, 0xAB98, 0x13C8},
    {0x13C9, 0x13C9, 0xAB99, 0x13C9},
    {0x13CA, 0x13CA, 0xAB9A, 0x13CA},
    {0x13CB, 0x13CB, 0xAB9B, 0x13CB},
    {0x13CC, 0x13CC, 0xAB9C, 0x13CC},
    {0x13CD, 0x13CD, 0xAB9D, 0x13CD},
    {0x13CE, 0x13CE, 0xAB9E, 0x13CE},
    {0x13CF, 0x13CF, 0xAB9F, 0x13CF},
    {0x13D0, 0x13D0, 0xABA0, 0x13D0},
    {0x13D1, 0x13D1, 0xABA1, 0x13D1},
    {0x13D2, 0x13D2, 0xABA2, 0x13D2},
    {0x13D3, 0x13D3, 0xABA3, 0x13D3},
    {0x13D4, 0x13D4, 0xABA4, 0x13D4},
    {0x13D5, 0x13D5, 0xABA5, 0x13D5},
    {0x13D6, 0x13D6, 0xABA6, 0x13D6},
    {0x13D7, 0x13D7, 0xABA7, 0x13D7},
    {0x13D8, 0x13D8, 0xABA8, 0x13D8},
    {0x13D9, 0x13D9, 0xABA9, 0x13D9},
    {0x13DA, 0x13DA, 0xABAA, 0x13DA},
    {0x13DB, 0x13DB, 0xABAB, 0x13DB},
    {0x13DC, 0x13DC, 0xABAC, 0x13DC},
    {0x13DD, 0x13DD, 0xABAD, 0x13DD},
    {0x13DE, 0x13DE, 0xABAE, 0x13DE},
    {0x13DF, 0x13DF, 0xABAF, 0x13DF},
    {0x13E0, 0x13E0, 0xABB0, 0x13E0},
    {0x13E1, 0x13E1, 0xABB1, 0x13E1},
    {0x13E2, 0x13E2, 0xABB2, 0x13E2},
    {0x13E3, 0x13E3, 0xABB3, 0x13E3},
    {0x13E4, 0x13E4, 0xABB4, 0x13E4},
    {0x13E5, 0x13E5, 0xABB5, 0x13E5},
    {0x13E6, 0x13E6, 0xABB6, 0x13E6},
    {0x13E7, 0x13E7, 0xABB7, 0x13E7},
    {0x13E8, 0x13E8, 0xABB8, 0x13E8},
    {0x13E9, 0x13E9, 0xABB9, 0x13E9},
    {0x13EA, 0x13EA, 0xABBA, 0x13EA},
    {0x13EB, 0x13EB, 0xABBB, 0x13EB},
    {0x13EC, 0x13EC, 0xABBC, 0x13EC},
    {0x13ED, 0x13ED, 0xABBD, 0x13ED},
    {0x13EE, 0x13EE, 0xABBE, 0x13EE},
    {0x13EF, 0x13EF, 0xABBF, 0x13EF},
    {0x13F0, 0x13F0, 0x13F8, 0x13F0},
    {0x13F1, 0x13F1, 0x13F9, 0x13F1},
    {0x13F2, 0x13F2, 0x13FA, 0x13F2},
    {0x13F3, 0x13F3, 0x13FB, 0x13F3},
    {0x13F4, 0x13F4, 0x13FC, 0x13F4},
    {0x13F5, 0x13F5, 0x13FD, 0x13F5},
    {0x13F8, 0x13F0, 0x13F8, 0x13F0},
    {0x13F9, 0x13F1, 0x13F9, 0x13F1},
    {0x13FA, 0x13F2, 0x13FA, 0x13F2},
    {0x13FB, 0x13F3, 0x13FB, 0x13F3},
    {0x13FC, 0x13F4, 0x13FC, 0x13F4},
    {0x13FD, 0x13F5, 0x13FD, 0x13F5},
    {0x1C80, 0x412, 0x1C80, 0x412},
    {0x1C81, 0x414, 0x1C81, 0x414},
    {0x1C82, 0x41E, 0x1C82, 0x41E},
    {0x1C83, 0x421, 0x1C83, 0x421},
    {0x1C84, 0x422, 0x1C84, 0x422},
    {0x1C85, 0x422, 0x1C85, 0x422},
    {0x1C86, 0x42A, 0x1C86, 0x42A},
    {0x1C87, 0x462, 0x1C87, 0x462},
    {0x1C88, 0xA64A, 0x1C88, 0xA64A},
    {0x1C90, 0x1C90, 0x10D0, 0x1C90},
    {0x1C91, 0x1C91, 0x10D1, 0x1C91},
    {0x1C92, 0x1C92, 0x10D2, 0x1C92},
    {0x1C93, 0x1C93, 0x10D3, 0x1C93},
    {0x1C94, 0x1C94, 0x10D4, 0x1C94},
    {0x1C95, 0x1C95, 0x10D5, 0x1C95},
    {0x1C96, 0x1C96, 0x10D6, 0x1C96},
    {0x1C97, 0x1C97, 0x10D7, 0x1C97},
    {0x1C98, 0x1C98, 0x10D8, 0x1C98},
    {0x1C99, 0x1C99, 0x10D9, 0x1C99},
    {0x1C9A, 0x1C9A, 0x10DA, 0x1C9A},
    {0x1C9B, 0x1C9B, 0x10DB, 0x1C9B},
    {0x1C9C, 0x1C9C, 0x10DC, 0x1C9C},
    {0x1C9D, 0x1C9D, 0x10DD, 0x1C9D},
    {0x1C9E, 0x1C9E, 0x10DE, 0x1C9E},
    {0x1C9F, 0x1C9F, 0x10DF, 0x1C9F},
    {0x1CA0, 0x1CA0, 0x10E0, 0x1CA0},
    {0x1CA1, 0x1CA1, 0x10E1, 0x1CA1},
    {0x1CA2, 0x1CA2, 0x10E2, 0x1CA2},
    {0x1CA3, 0x1CA3, 0x10E3, 0x1CA3},
    {0x1CA4, 0x1CA4, 0x10E4, 0x1CA4},
    {0x1CA5, 0x1CA5, 0x10E5, 0x1CA5},
    {0x1CA6, 0x1CA6, 0x10E6, 0x1CA6},
    {0x1CA7, 0x1CA7, 0x10E7, 0x1CA7},
    {0x1CA8, 0x1CA8, 0x10E8, 0x1CA8},
    {0x1CA9, 0x1CA9, 0x10E9, 0x1CA9},
    {0x1CAA, 0x1CAA, 0x10EA, 0x1CAA},
    {0x1CAB, 0x1CAB, 0x10EB, 0x1CAB},
    {0x1CAC, 0x1CAC, 0x10EC, 0x1CAC},
    {0x1CAD, 0x1CAD, 0x10ED, 0x1CAD},
    {0x1CAE, 0x1CAE, 0x10EE, 0x1CAE},
    {0x1CAF, 0x1CAF, 0x10EF, 0x1CAF},
    {0x1CB0, 0x1CB0, 0x10F0, 0x1CB0},
    {0x1CB1, 0x1CB1, 0x10F1, 0x1CB1},
    {0x1CB2, 0x1CB2, 0x10F2, 0x1CB2},
    {0x1CB3, 0x1CB3, 0x10F3, 0x1CB3},
    {0x1CB4, 0x1CB4, 0x10F4, 0x1CB4},
    {0x1CB5, 0x1CB5, 0x10F5, 0x1CB5},
    {0x1CB6, 0x1CB6, 0x10F6, 0x1CB6},
    {0x1CB7, 0x1CB7, 0x10F7, 0x1CB7},
    {0x1CB8, 0x1CB8, 0x10F8, 0x1CB8},
    {0x1CB9, 0x1CB9, 0x10F9, 0x1CB9},
    {0x1CBA, 0x1CBA, 0x10FA, 0x1CBA},
    {0x1CBD, 0x1CBD, 0x10FD, 0x1CBD},
    {0x1CBE, 0x1CBE, 0x10FE, 0x1CBE},
    {0x1CBF, 0x1CBF, 0x10FF, 0x1CBF},
    {0x1D79, 0xA77D, 0x1D79, 0xA77D},
    {0x1D7D, 0x2C63, 0x1D7D, 0x2C63},
    {0x1D8E, 0xA7C6, 0x1D8E, 0xA7C6},
    {0x1E00, 0x1E00, 0x1E01, 0x1E00},
    {0x1E01, 0x1E00, 0x1E01, 0x1E00},
    {0x1E02, 0x1E02, 0x1E03, 0x1E02},
    {0x1E03, 0x1E02, 0x1E03, 0x1E02},
    {0x1E04, 0x1E04, 0x1E05, 0x1E04},
    {0x1E05, 0x1E04, 0x1E05, 0x1E04},
    {0x1E06, 0x1E06, 0x1E07, 0x1E06},
    {0x1E07, 0x1E06, 0x1E07, 0x1E06},
    {0x1E08, 0x1E08, 0x1E09, 0x1E08},
    {0x1E09, 0x1E08, 0x1E09, 0x1E08},
    {0x1E0A, 0x1E0A, 0x1E0B, 0x1E0A},
    {0x1E0B, 0x1E0A, 0x1E0B, 0x1E0A},
    {0x1E0C, 0x1E0C, 0x1E0D, 0x1E0C},
    {0x1E0D, 0x1E0C, 0x1E0D, 0x1E0C},
    {0x1E0E, 0x1E0E, 0x1E0F, 0x1E0E},
    {0x1E0F, 0x1E0E, 0x1E0F, 0x1E0E},
    {0x1E10, 0x1E10, 0x1E11, 0x1E10},
    {0x1E11, 0x1E10, 0x1E11, 0x1E10},
    {0x1E12, 0x1E12, 0x1E13, 0x1E12},
    {0x1E13, 0x1E12, 0x1E13, 0x1E12},
    {0x1E14, 0x1E14, 0x1E15, 0x1E14},
    {0x1E15, 0x1E14, 0x1E15, 0x1E14},
    {0x1E16, 0x1E16, 0x1E17, 0x1E16},
    {0x1E17, 0x1E16, 0x1E17, 0x1E16},
    {0x1E18, 0x1E18, 0x1E19, 0x1E18},
    {0x1E19, 0x1E18, 0x1E19, 0x1E18},
    {0x1E1A, 0x1E1A, 0x1E1B, 0x1E1A},
    {0x1E1B, 0x1E1A, 0x1E1B, 0x1E1A},
    {0x1E1C, 0x1E1C, 0x1E1D, 0x1E1C},
    {0x1E1D, 0x1E1C, 0x1E1D, 0x1E1C},
    {0x1E1E, 0x1E1E, 0x1E1F, 0x1E1E},
    {0x1E1F, 0x1E1E, 0x1E1F, 0x1E1E},
    {0x1E20, 0x1E20, 0x1E21, 0x1E20},
    {0x1E21, 0x1E20, 0x1E21, 0x1E20},
    {0x1E22, 0x1E22, 0x1E23, 0x1E22},
    {0x1E23, 0x1E22, 0x1E23, 0x1E22},
    {0x1E24, 0x1E24, 0x1E25, 0x1E24},
    {0x1E25, 0x1E24, 0x1E25, 0x1E24},
    {0x1E26, 0x1E26, 0x1E27, 0x1E26},
    {0x1E27, 0x1E26, 0x1E27, 0x1E26},
    {0x1E28, 0x1E28, 0x1E29, 0x1E28},
    {0x1E29, 0x1E28, 0x1E29, 0x1E28},
    {0x1E2A, 0x1E2A, 0x1E2B, 0x1E2A},
    {0x1E2B, 0x1E2A, 0x1E2B, 0x1E2A},
    {0x1E2C, 0x1E2C, 0x1E2D, 0x1E2C},
    {0x1E2D, 0x1E2C, 0x1E2D, 0x1E2C},
    {0x1E2E, 0x1E2E, 0x1E2F, 0x1E2E},
    {0x1E2F, 0x1E2E, 0x1E2F, 0x1E2E},
    {0x1E30, 0x1E30, 0x1E31, 0x1E30},
    {0x1E31, 0x1E30, 0x1E31, 0x1E30},
    {0x1E32, 0x1E32, 0x1E33, 0x1E32},
    {0x1E33, 0x1E32, 0x1E33, 0x1E32},
    {0x1E34, 0x1E34, 0x1E35, 0x1E34},
    {0x1E35, 0x1E34, 0x1E35, 0x1E34},
    {0x1E36, 0x1E36, 0x1E37, 0x1E36},
    {0x1E37, 0x1E36, 0x1E37, 0x1E36},
    {0x1E38, 0x1E38, 0x1E39, 0x1E38},
    {0x1E39, 0x1E38, 0x1E39, 0x1E38},
    {0x1E3A, 0x1E3A, 0x1E3B, 0x1E3A},
    {0x1E3B, 0x1E3A, 0x1E3B, 0x1E3A},
    {0x1E3C, 0x1E3C, 0x1E3D, 0x1E3C},
    {0x1E3D, 0x1E3C, 0x1E3D, 0x1E3C},
    {0x1E3E, 0x1E3E, 0x1E3F, 0x1E3E},
    {0x1E3F, 0x1E3E, 0x1E3F, 0x1E3E},
    {0x1E40, 0x1E40, 0x1E41, 0x1E40},
    {0x1E41, 0x1E40, 0x1E41, 0x1E40},
    {0x1E42, 0x1E42, 0x1E43, 0x1E42},
    {0x1E43, 0x1E42, 0x1E43, 0x1E42},
    {0x1E44, 0x1E44, 0x1E45, 0x1E44},
    {0x1E45, 0x1E44, 0x1E45, 0x1E44},
    {0x1E46, 0x1E46, 0x1E47, 0x1E46},
    {0x1E47, 0x1E46, 0x1E47, 0x1E46},
    {0x1E48, 0x1E48, 0x1E49, 0x1E48},
    {0x1E49, 0x1E48, 0x1E49, 0x1E48},
    {0x1E4A, 0x1E4A, 0x1E4B, 0x1E4A},
    {0x1E4B, 0x1E4A, 0x1E4B, 0x1E4A},
    {0x1E4C, 0x1E4C, 0x1E4D, 0x1E4C},
    {0x1E4D, 0x1E4C, 0x1E4D, 0x1E4C},
    {0x1E4E, 0x1E4E, 0x1E4F, 0x1E4E},
    {0x1E4F, 0x1E4E, 0x1E4F, 0x1E4E},
    {0x1E50, 0x1E50, 0x1E51, 0x1E50},
    {0x1E51, 0x1E50, 0x1E51, 0x1E50},
    {0x1E52, 0x1E52, 0x1E53, 0x1E52},
    {0x1E53, 0x1E52, 0x1E53, 0x1E52},
    {0x1E54, 0x1E54, 0x1E55, 0x1E54},
    {0x1E55, 0x1E54, 0x1E55, 0x1E54},
    {0x1E56, 0x1E56, 0x1E57, 0x1E56},
    {0x1E57, 0x1E56, 0x1E57, 0x1E56},
    {0x1E58, 0x1E58, 0x1E59, 0x1E58},
    {0x1E59, 0x1E58, 0x1E59, 0x1E58},
    {0x1E5A, 0x1E5A, 0x1E5B, 0x1E5A},
    {0x1E5B, 0x1E5A, 0x1E5B, 0x1E5A},
    {0x1E5C, 0x1E5C, 0x1E5D, 0x1E5C},
    {0x1E5D, 0x1E5C, 0x1E5D, 0x1E5C},
    {0x1E5E, 0x1E5E, 0x1E5F, 0x1E5E},
    {0x1E5F, 0x1E5E, 0x1E5F, 0x1E5E},
    {0x1E60, 0x1E60, 0x1E61, 0x1E60},
    {0x1E61, 0x1E60, 0x1E61, 0x1E60},
    {0x1E62, 0x1E62, 0x1E63, 0x1E62},
    {0x1E63, 0x1E62, 0x1E63, 0x1E62},
    {0x1E64, 0x1E64, 0x1E65, 0x1E64},
    {0x1E65, 0x1E64, 0x1E65, 0x1E64},
    {0x1E66, 0x1E66, 0x1E67, 0x1E66},
    {0x1E67, 0x1E66, 0x1E67, 0x1E66},
    {0x1E68, 0x1E68, 0x1E69, 0x1E68},
    {0x1E69, 0x1E68, 0x1E69, 0x1E68},
    {0x1E6A, 0x1E6A, 0x1E6B, 0x1E6A},
    {0x1E6B, 0x1E6A, 0x1E6B, 0x1E6A},
    {0x1E6C, 0x1E6C, 0x1E6D, 0x1E6C},
    {0x1E6D, 0x1E6C, 0x1E6D, 0x1E6C},
    {0x1E6E, 0x1E6E, 0x1E6F, 0x1E6E},
    {0x1E6F, 0x1E6E, 0x1E6F, 0x1E6E},
    {0x1E70, 0x1E70, 0x1E71, 0x1E70},
    {0x1E71, 0x1E70, 0x1E71, 0x1E70},
    {0x1E72, 0x1E72, 0x1E73, 0x1E72},
    {0x1E73, 0x1E72, 0x1E73, 0x1E72},
    {0x1E74, 0x1E74, 0x1E75, 0x1E74},
    {0x1E75, 0x1E74, 0x1E75, 0x1E74},
    {0x1E76, 0x1E76, 0x1E77, 0x1E76},
    {0x1E77, 0x1E76, 0x1E77, 0x1E76},
    {0x1E78, 0x1E78, 0x1E79, 0x1E78},
    {0x1E79, 0x1E78, 0x1E79, 0x1E78},
    {0x1E7A, 0x1E7A, 0x1E7B, 0x1E7A},
    {0x1E7B, 0x1E7A, 0x1E7B, 0x1E7A},
    {0x1E7C, 0x1E7C, 0x1E7D, 0x1E7C},
    {0x1E7D, 0x1E7C, 0x1E7D, 0x1E7C},
    {0x1E7E, 0x1E7E, 0x1E7F, 0x1E7E},
    {0x1E7F, 0x1E7E, 0x1E7F, 0x1E7E},
    {0x1E80, 0x1E80, 0x1E81, 0x1E80},
    {0x1E81, 0x1E80, 0x1E81, 0x1E80},
    {0x1E82, 0x1E82, 0x1E83, 0x1E82},
    {0x1E83, 0x1E82, 0x1E83, 0x1E82},
    {0x1E84, 0x1E84, 0x1E85, 0x1E84},
    {0x1E85, 0x1E84, 0x1E85, 0x1E84},
    {0x1E86, 0x1E86, 0x1E87, 0x1E86},
    {0x1E87, 0x1E86, 0x1E87, 0x1E86},
    {0x1E88, 0x1E88, 0x1E89, 0x1E88},
    {0x1E89, 0x1E88, 0x1E89, 0x1E88},
    {0x1E8A, 0x1E8A, 0x1E8B, 0x1E8A},
    {0x1E8B, 0x1E8A, 0x1E8B, 0x1E8A},
    {0x1E8C, 0x1E8C, 0x1E8D, 0x1E8C},
    {0x1E8D, 0x1E8C, 0x1E8D, 0x1E8C},
    {0x1E8E, 0x1E8E, 0x1E8F, 0x1E8E},
    {0x1E8F, 0x1E8E, 0x1E8F, 0x1E8E},
    {0x1E90, 0x1E90, 0x1E91, 0x1E90},
    {0x1E91, 0x1E90, 0x1E91, 0x1E90},
    {0x1E92, 0x1E92, 0x1E93, 0x1E92},
    {0x1E93, 0x1E92, 0x1E93, 0x1E92},
    {0x1E94, 0x1E94, 0x1E95, 0x1E94},
    {0x1E95, 0x1E94, 0x1E95, 0x1E94},
    {0x1E9B, 0x1E60, 0x1E9B, 0x1E60},
    {0x1E9E, 0x1E9E, 0xDF, 0x1E9E},
    {0x1EA0, 0x1EA0, 0x1EA1, 0x1EA0},
    {0x1EA1, 0x1EA0, 0x1EA1, 0x1EA0},
    {0x1EA2, 0x1EA2, 0x1EA3, 0x1EA2},
    {0x1EA3, 0x1EA2, 0x1EA3, 0x1EA2},
    {0x1EA4, 0x1EA4, 0x1EA5, 0x1EA4},
    {0x1EA5, 0x1EA4, 0x1EA5, 0x1EA4},
    {0x1EA6, 0x1EA6, 0x1EA7, 0x1EA6},
    {0x1EA7, 0x1EA6, 0x1EA7, 0x1EA6},
    {0x1EA8, 0x1EA8, 0x1EA9, 0x1EA8},
    {0x1EA9, 0x1EA8, 0x1EA9, 0x1EA8},
    {0x1EAA, 0x1EAA, 0x1EAB, 0x1EAA},
    {0x1EAB, 0x1EAA, 0x1EAB, 0x1EAA},
    {0x1EAC, 0x1EAC, 0x1EAD, 0x1EAC},
    {0x1EAD, 0x1EAC, 0x1EAD, 0x1EAC},
    {0x1EAE, 0x1EAE, 0x1EAF, 0x1EAE},
    {0x1EAF, 0x1EAE, 0x1EAF, 0x1EAE},
    {0x1EB0, 0x1EB0, 0x1EB1, 0x1EB0},
    {0x1EB1, 0x1EB0, 0x1EB1, 0x1EB0},
    {0x1EB2, 0x1EB2, 0x1EB3, 0x1EB2},
    {0x1EB3, 0x1EB2, 0x1EB3, 0x1EB2},
    {0x1EB4, 0x1EB4, 0x1EB5, 0x1EB4},
    {0x1EB5, 0x1EB4, 0x1EB5, 0x1EB4},
    {0x1EB6, 0x1EB6, 0x1EB7, 0x1EB6},
    {0x1EB7, 0x1EB6, 0x1EB7, 0x1EB6},
    {0x1EB8, 0x1EB8, 0x1EB9, 0x1EB8},
    {0x1EB9, 0x1EB8, 0x1EB9, 0x1EB8},
    {0x1EBA, 0x1EBA, 0x1EBB, 0x1EBA},
    {0x1EBB, 0x1EBA, 0x1EBB, 0x1EBA},
    {0x1EBC, 0x1EBC, 0x1EBD, 0x1EBC},
    {0x1EBD, 0x1EBC, 0x1EBD, 0x1EBC},
    {0x1EBE, 0x1EBE, 0x1EBF, 0x1EBE},
    {0x1EBF, 0x1EBE, 0x1EBF, 0x1EBE},
    {0x1EC0, 0x1EC0, 0x1EC1, 0x1EC0},
    {0x1EC1, 0x1EC0, 0x1EC1, 0x1EC0},
    {0x1EC2, 0x1EC2, 0x1EC3, 0x1EC2},
    {0x1EC3, 0x1EC2, 0x1EC3, 0x1EC2},
    {0x1EC4, 0x1EC4, 0x1EC5, 0x1EC4},
    {0x1EC5, 0x1EC4, 0x1EC5, 0x1EC4},
    {0x1EC6, 0x1EC6, 0x1EC7, 0x1EC6},
    {0x1EC7, 0x1EC6, 0x1EC7, 0x1EC6},
    {0x1EC8, 0x1EC8, 0x1EC9, 0x1EC8},
    {0x1EC9, 0x1EC8, 0x1EC9, 0x1EC8},
    {0x1ECA, 0x1ECA, 0x1ECB, 0x1ECA},
    {0x1ECB, 0x1ECA, 0x1ECB, 0x1ECA},
    {0x1ECC, 0x1ECC, 0x1ECD, 0x1ECC},
    {0x1ECD, 0x1ECC, 0x1ECD, 0x1ECC},
    {0x1ECE, 0x1ECE, 0x1ECF, 0x1ECE},
    {0x1ECF, 0x1ECE, 0x1ECF, 0x1ECE},
    {0x1ED0, 0x1ED0, 0x1ED1, 0x1ED0},
    {0x1ED1, 0x1ED0, 0x1ED1, 0x1ED0},
    {0x1ED2, 0x1ED2, 0x1ED3, 0x1ED2},
    {0x1ED3, 0x1ED2, 0x1ED3, 0x1ED2},
    {0x1ED4, 0x1ED4, 0x1ED5, 0x1ED4},
    {0x1ED5, 0x1ED4, 0x1ED5, 0x1ED4},
    {0x1ED6, 0x1ED6, 0x1ED7, 0x1ED6},
    {0x1ED7, 0x1ED6, 0x1ED7, 0x1ED6},
    {0x1ED8, 0x1ED8, 0x1ED9, 0x1ED8},
    {0x1ED9, 0x1ED8, 0x1ED9, 0x1ED8},
    {0x1EDA, 0x1EDA, 0x1EDB, 0x1EDA},
    {0x1EDB, 0x1EDA, 0x1EDB, 0x1EDA},
    {0x1EDC, 0x1EDC, 0x1EDD, 0x1EDC},
    {0x1EDD, 0x1EDC, 0x1EDD, 0x1EDC},
    {0x1EDE, 0x1EDE, 0x1EDF, 0x1EDE},
    {0x1EDF, 0x1EDE, 0x1EDF, 0x1EDE},
    {0x1EE0, 0x1EE0, 0x1EE1, 0x1EE0},
    {0x1EE1, 0x1EE0, 0x1EE1, 0x1EE0},
    {0x1EE2, 0x1EE2, 0x1EE3, 0x1EE2},
    {0x1EE3, 0x1EE2, 0x1EE3, 0x1EE2},
    {0x1EE4, 0x1EE4, 0x1EE5, 0x1EE4},
    {0x1EE5, 0x1EE4, 0x1EE5, 0x1EE4},
    {0x1EE6, 0x1EE6, 0x1EE7, 0x1EE6},
    {0x1EE7, 0x1EE6, 0x1EE7, 0x1EE6},
    {0x1EE8, 0x1EE8, 0x1EE9, 0x1EE8},
    {0x1EE9, 0x1EE8, 0x1EE9, 0x1EE8},
    {0x1EEA, 0x1EEA, 0x1EEB, 0x1EEA},
    {0x1EEB, 0x1EEA, 0x1EEB, 0x1EEA},
    {0x1EEC, 0x1EEC, 0x1EED, 0x1EEC},
    {0x1EED, 0x1EEC, 0x1EED, 0x1EEC},
    {0x1EEE, 0x1EEE, 0x1EEF, 0x1EEE},
    {0x1EEF, 0x1EEE, 0x1EEF, 0x1EEE},
    {0x1EF0, 0x1EF0, 0x1EF1, 0x1EF0},
    {0x1EF1, 0x1EF0, 0x1EF1, 0x1EF0},
    {0x1EF2, 0x1EF2, 0x1EF3, 0x1EF2},
    {0x1EF3, 0x1EF2, 0x1EF3, 0x1EF2},
    {0x1EF4, 0x1EF4, 0x1EF5, 0x1EF4},
    {0x1EF5, 0x1EF4, 0x1EF5, 0x1EF4},
    {0x1EF6, 0x1EF6, 0x1EF7, 0x1EF6},
    {0x1EF7, 0x1EF6, 0x1EF7, 0x1EF6},
    {0x1EF8, 0x1EF8, 0x1EF9, 0x1EF8},
    {0x1EF9, 0x1EF8, 0x1EF9, 0x1EF8},
    {0x1EFA, 0x1EFA, 0x1EFB, 0x1EFA},
    {0x1EFB, 0x1EFA, 0x1EFB, 0x1EFA},
    {0x1EFC, 0x1EFC, 0x1EFD, 0x1EFC},
    {0x1EFD, 0x1EFC, 0x1EFD, 0x1EFC},
    {0x1EFE, 0x1EFE, 0x1EFF, 0x1EFE},
    {0x1EFF, 0x1EFE, 0x1EFF, 0x1EFE},
    {0x1F00, 0x1F08, 0x1F00, 0x1F08},
    {0x1F01, 0x1F09, 0x1F01, 0x1F09},
    {0x1F02, 0x1F0A, 0x1F02, 0x1F0A},
    {0x1F03, 0x1F0B, 0x1F03, 0x1F0B},
    {0x1F04, 0x1F0C, 0x1F04, 0x1F0C},
    {0x1F05, 0x1F0D, 0x1F05, 0x1F0D},
    {0x1F06, 0x1F0E, 0x1F06, 0x1F0E},
    {0x1F07, 0x1F0F, 0x1F07, 0x1F0F},
    {0x1F08, 0x1F08, 0x1F00, 0x1F08},
    {0x1F09, 0x1F09, 0x1F01, 0x1F09},
    {0x1F0A, 0x1F0A, 0x1F02, 0x1F0A},
    {0x1F0B, 0x1F0B, 0x1F03, 0x1F0B},
    {0x1F0C, 0x1F0C, 0x1F04, 0x1F0C},
    {0x1F0D, 0x1F0D, 0x1F05, 0x1F0D},
    {0x1F0E, 0x1F0E, 0x1F06, 0x1F0E},
    {0x1F0F, 0x1F0F, 0x1F07, 0x1F0F},
    {0x1F10, 0x1F18, 0x1F10, 0x1F18},
    {0x1F11, 0x1F19, 0x1F11, 0x1F19},
    {0x1F12, 0x1F1A, 0x1F12, 0x1F1A},
    {0x1F13, 0x1F1B, 0x1F13, 0x1F1B},
    {0x1F14, 0x1F1C, 0x1F14, 0x1F1C},
    {0x1F15, 0x1F1D, 0x1F15, 0x1F1D},
    {0x1F18, 0x1F18, 0x1F10, 0x1F18},
    {0x1F19, 0x1F19, 0x1F11, 0x1F19},
    {0x1F1A, 0x1F1A, 0x1F12, 0x1F1A},
    {0x1F1B, 0x1F1B, 0x1F13, 0x1F1B},
    {0x1F1C, 0x1F1C, 0x1F14, 0x1F1C},
    {0x1F1D, 0x1F1D, 0x1F15, 0x1F1D},
    {0x1F20, 0x1F28, 0x1F20, 0x1F28},
    {0x1F21, 0x1F29, 0x1F21, 0x1F29},
    {0x1F22, 0x1F2A, 0x1F22, 0x1F2A},
    {0x1F23, 0x1F2B, 0x1F23, 0x1F2B},
    {0x1F24, 0x1F2C, 0x1F24, 0x1F2C},
    {0x1F25, 0x1F2D, 0x1F25, 0x1F2D},
    {0x1F26, 0x1F2E, 0x1F26, 0x1F2E},
    {0x1F27, 0x1F2F, 0x1F27, 0x1F2F},
    {0x1F28, 0x1F28, 0x1F20, 0x1F28},
    {0x1F29, 0x1F29, 0x1F21, 0x1F29},
    {0x1F2A, 0x1F2A, 0x1F22, 0x1F2A},
    {0x1F2B, 0x1F2B, 0x1F23, 0x1F2B},
    {0x1F2C, 0x1F2C, 0x1F24, 0x1F2C},
    {0x1F2D, 0x1F2D, 0x1F25, 0x1F2D},
    {0x1F2E, 0x1F2E, 0x1F26, 0x1F2E},
    {0x1F2F, 0x1F2F, 0x1F27, 0x1F2F},
    {0x1F30, 0x1F38, 0x1F30, 0x1F38},
    {0x1F31, 0x1F39, 0x1F31, 0x1F39},
    {0x1F32, 0x1F3A, 0x1F32, 0x1F3A},
    {0x1F33, 0x1F3B, 0x1F33, 0x1F3B},
    {0x1F34, 0x1F3C, 0x1F34, 0x1F3C},
    {0x1F35, 0x1F3D, 0x1F35, 0x1F3D},
    {0x1F36, 0x1F3E, 0x1F36, 0x1F3E},
    {0x1F37, 0x1F3F, 0x1F37, 0x1F3F},
    {0x1F38, 0x1F38, 0x1F30, 0x1F38},
    {0x1F39, 0x1F39, 0x1F31, 0x1F39},
    {0x1F3A, 0x1F3A, 0x1F32, 0x1F3A},
    {0x1F3B, 0x1F3B, 0x1F33, 0x1F3B},
    {0x1F3C, 0x1F3C, 0x1F34, 0x1F3C},
    {0x1F3D, 0x1F3D, 0x1F35, 0x1F3D},
    {0x1F3E, 0x1F3E, 0x1F36, 0x1F3E},
    {0x1F3F, 0x1F3F, 0x1F37, 0x1F3F},
    {0x1F40, 0x1F48, 0x1F40, 0x1F48},
    {0x1F41, 0x1F49, 0x1F41, 0x1F49},
    {0x1F42, 0x1F4A, 0x1F42, 0x1F4A},
    {0x1F43, 0x1F4B, 0x1F43, 0x1F4B},
    {0x1F44, 0x1F4C, 0x1F44, 0x1F4C},
    {0x1F45, 0x1F4D, 0x1F45, 0x1F4D},
    {0x1F48, 0x1F48, 0x1F40, 0x1F48},
    {0x1F49, 0x1F49, 0x1F41, 0x1F49},
    {0x1F4A, 0x1F4A, 0x1F42, 0x1F4A},
    {0x1F4B, 0x1F4B, 0x1F43, 0x1F4B},
    {0x1F4C, 0x1F4C, 0x1F44, 0x1F4C},
    {0x1F4D, 0x1F4D, 0x1F45, 0x1F4D},
    {0x1F51, 0x1F59, 0x1F51, 0x1F59},
    {0x1F53, 0x1F5B, 0x1F53, 0x1F5B},
    {0x1F55, 0x1F5D, 0x1F55, 0x1F5D},
    {0x1F57, 0x1F5F, 0x1F57, 0x1F5F},
    {0x1F59, 0x1F59, 0x1F51, 0x1F59},
    {0x1F5B, 0x1F5B, 0x1F53, 0x1F5B},
    {0x1F5D, 0x1F5D, 0x1F55, 0x1F5D},
    {0x1F5F, 0x1F5F, 0x1F57, 0x1F5F},
    {0x1F60, 0x1F68, 0x1F60, 0x1F68},
    {0x1F61, 0x1F69, 0x1F61, 0x1F69},
    {0x1F62, 0x1F6A, 0x1F62, 0x1F6A},
    {0x1F63, 0x1F6B, 0x1F63, 0x1F6B},
    {0x1F64, 0x1F6C, 0x1F64, 0x1F6C},
    {0x1F65, 0x1F6D, 0x1F65, 0x1F6D},
    {0x1F66, 0x1F6E, 0x1F66, 0x1F6E},
    {0x1F67, 0x1F6F, 0x1F67, 0x1F6F},
    {0x1F68, 0x1F68, 0x1F60, 0x1F68},
    {0x1F69, 0x1F69, 0x1F61, 0x1F69},
    {0x1F6A, 0x1F6A, 0x1F62, 0x1F6A},
    {0x1F6B, 0x1F6B, 0x1F63, 0x1F6B},
    {0x1F6C, 0x1F6C, 0x1F64, 0x1F6C},
    {0x1F6D, 0x1F6D, 0x1F65, 0x1F6D},
    {0x1F6E, 0x1F6E, 0x1F66, 0x1F6E},
    {0x1F6F, 0x1F6F, 0x1F67, 0x1F6F},
    {0x1F70, 0x1FBA, 0x1F70, 0x1FBA},
    {0x1F71, 0x1FBB, 0x1F71, 0x1FBB},
    {0x1F72, 0x1FC8, 0x1F72, 0x1FC8},
    {0x1F73, 0x1FC9, 0x1F73, 0x1FC9},
    {0x1F74, 0x1FCA, 0x1F74, 0x1FCA},
    {0x1F75, 0x1FCB, 0x1F75, 0x1FCB},
    {0x1F76, 0x1FDA, 0x1F76, 0x1FDA},
    {0x1F77, 0x1FDB, 0x1F77, 0x1FDB},
    {0x1F78, 0x1FF8, 0x1F78, 0x1FF8},
    {0x1F79, 0x1FF9, 0x1F79, 0x1FF9},
    {0x1F7A, 0x1FEA, 0x1F7A, 0x1FEA},
    {0x1F7B, 0x1FEB, 0x1F7B, 0x1FEB},
    {0x1F7C, 0x1FFA, 0x1F7C, 0x1FFA},
    {0x1F7D, 0x1FFB, 0x1F7D, 0x1FFB},
    {0x1F80, 0x1F88, 0x1F80, 0x1F88},
    {0x1F81, 0x1F89, 0x1F81, 0x1F89},
    {0x1F82, 0x1F8A, 0x1F82, 0x1F8A},
    {0x1F83, 0x1F8B, 0x1F83, 0x1F8B},
    {0x1F84, 0x1F8C, 0x1F84, 0x1F8C},
    {0x1F85, 0x1F8D, 0x1F85, 0x1F8D},
    {0x1F86, 0x1F8E, 0x1F86, 0x1F8E},
    {0x1F87, 0x1F8F, 0x1F87, 0x1F8F},
    {0x1F88, 0x1F88, 0x1F80, 0x1F88},
    {0x1F89, 0x1F89, 0x1F81, 0x1F89},
    {0x1F8A, 0x1F8A, 0x1F82, 0x1F8A},
    {0x1F8B, 0x1F8B, 0x1F83, 0x1F8B},
    {0x1F8C, 0x1F8C, 0x1F84, 0x1F8C},
    {0x1F8D, 0x1F8D, 0x1F85, 0x1F8D},
    {0x1F8E, 0x1F8E, 0x1F86, 0x1F8E},
    {0x1F8F, 0x1F8F, 0x1F87, 0x1F8F},
    {0x1F90, 0x1F98, 0x1F90, 0x1F98},
    {0x1F91, 0x1F99, 0x1F91, 0x1F99},
    {0x1F92, 0x1F9A, 0x1F92, 0x1F9A},
    {0x1F93, 0x1F9B, 0x1F93, 0x1F9B},
    {0x1F94, 0x1F9C, 0x1F94, 0x1F9C},
    {0x1F95, 0x1F9D, 0x1F95, 0x1F9D},
    {0x1F96, 0x1F9E, 0x1F96, 0x1F9E},
    {0x1F97, 0x1F9F, 0x1F97, 0x1F9F},
    {0x1F98, 0x1F98, 0x1F90, 0x1F98},
    {0x1F99, 0x1F99, 0x1F91, 0x1F99},
    {0x1F9A, 0x1F9A, 0x1F92, 0x1F9A},
    {0x1F9B, 0x1F9B, 0x1F93, 0x1F9B},
    {0x1F9C, 0x1F9C, 0x1F94, 0x1F9C},
    {0x1F9D, 0x1F9D, 0x1F95, 0x1F9D},
    {0x1F9E, 0x1F9E, 0x1F96, 0x1F9E},
    {0x1F9F, 0x1F9F, 0x1F97, 0x1F9F},
    {0x1FA0, 0x1FA8, 0x1FA0, 0x1FA8},
    {0x1FA1, 0x1FA9, 0x1FA1, 0x1FA9},
    {0x1FA2, 0x1FAA, 0x1FA2, 0x1FAA},
    {0x1FA3, 0x1FAB, 0x1FA3, 0x1FAB},
    {0x1FA4, 0x1FAC, 0x1FA4, 0x1FAC},
    {0x1FA5, 0x1FAD, 0x1FA5, 0x1FAD},
    {0x1FA6, 0x1FAE, 0x1FA6, 0x1FAE},
    {0x1FA7, 0x1FAF, 0x1FA7, 0x1FAF},
    {0x1FA8, 0x1FA8, 0x1FA0, 0x1FA8},
    {0x1FA9, 0x1FA9, 0x1FA1, 0x1FA9},
    {0x1FAA, 0x1FAA, 0x1FA2, 0x1FAA},
    {0x1FAB, 0x1FAB, 0x1FA3, 0x1FAB},
    {0x1FAC, 0x1FAC, 0x1FA4, 0x1FAC},
    {0x1FAD, 0x1FAD, 0x1FA5, 0x1FAD},
    {0x1FAE, 0x1FAE, 0x1FA6, 0x1FAE},
    {0x1FAF, 0x1FAF, 0x1FA7, 0x1FAF},
    {0x1FB0, 0x1FB8, 0x1FB0, 0x1FB8},
    {0x1FB1, 0x1FB9, 0x1FB1, 0x1FB9},
    {0x1FB3, 0x1FBC, 0x1FB3, 0x1FBC},
    {0x1FB8, 0x1FB8, 0x1FB0, 0x1FB8},
    {0x1FB9, 0x1FB9, 0x1FB1, 0x1FB9},
    {0x1FBA, 0x1FBA, 0x1F70, 0x1FBA},
    {0x1FBB, 0x1FBB, 0x1F71, 0x1FBB},
    {0x1FBC, 0x1FBC, 0x1FB3, 0x1FBC},
    {0x1FBE, 0x399, 0x1FBE, 0x399},
    {0x1FC3, 0x1FCC, 0x1FC3, 0x1FCC},
    {0x1FC8, 0x1FC8, 0x1F72, 0x1FC8},
    {0x1FC9, 0x1FC9, 0x1F73, 0x1FC9},
    {0x1FCA, 0x1FCA, 0x1F74, 0x1FCA},
    {0x1FCB, 0x1FCB, 0x1F75, 0x1FCB},
    {0x1FCC, 0x1FCC, 0x1FC3, 0x1FCC},
    {0x1FD0, 0x1FD8, 0x1FD0, 0x1FD8},
    {0x1FD1, 0x1FD9, 0x1FD1, 0x1FD9},
    {0x1FD8, 0x1FD8, 0x1FD0, 0x1FD8},
    {0x1FD9, 0x1FD9, 0x1FD1, 0x1FD9},
    {0x1FDA, 0x1FDA, 0x1F76, 0x1FDA},
    {0x1FDB, 0x1FDB, 0x1F77, 0x1FDB},
    {0x1FE0, 0x1FE8, 0x1FE0, 0x1FE8},
    {0x1FE1, 0x1FE9, 0x1FE1, 0x1FE9},
    {0x1FE5, 0x1FEC, 0x1FE5, 0x1FEC},
    {0x1FE8, 0x1FE8, 0x1FE0, 0x1FE8},
    {0x1FE9, 0x1FE9, 0x1FE1, 0x1FE9},
    {0x1FEA, 0x1FEA, 0x1F7A, 0x1FEA},
    {0x1FEB, 0x1FEB, 0x1F7B, 0x1FEB},
    {0x1FEC, 0x1FEC, 0x1FE5, 0x1FEC},
    {0x1FF3, 0x1FFC, 0x1FF3, 0x1FFC},
    {0x1FF8, 0x1FF8, 0x1F78, 0x1FF8},
    {0x1FF9, 0x1FF9, 0x1F79, 0x1FF9},
    {0x1FFA, 0x1FFA, 0x1F7C, 0x1FFA},
    {0x1FFB, 0x1FFB, 0x1F7D, 0x1FFB},
    {0x1FFC, 0x1FFC, 0x1FF3, 0x1FFC},
    {0x2126, 0x2126, 0x3C9, 0x2126},
    {0x212A, 0x212A, 0x6B, 0x212A},
    {0x212B, 0x212B, 0xE5, 0x212B},
    {0x2132, 0x2132, 0x214E, 0x2132},
    {0x214E, 0x2132, 0x214E, 0x2132},
    {0x2160, 0x2160, 0x2170, 0x2160},
    {0x2161, 0x2161, 0x2171, 0x2161},
    {0x2162, 0x2162, 0x2172, 0x2162},
    {0x2163, 0x2163, 0x2173, 0x2163},
    {0x2164, 0x2164, 0x2174, 0x2164},
    {0x2165, 0x2165, 0x2175, 0x2165},
    {0x2166, 0x2166, 0x2176, 0x2166},
    {0x2167, 0x2167, 0x2177, 0x2167},
    {0x2168, 0x2168, 0x2178, 0x2168},
    {0x2169, 0x2169, 0x2179, 0x2169},
    {0x216A, 0x216A, 0x217A, 0x216A},
    {0x216B, 0x216B, 0x217B, 0x216B},
    {0x216C, 0x216C, 0x217C, 0x216C},
    {0x216D, 0x216D, 0x217D, 0x216D},
    {0x216E, 0x216E, 0x217E, 0x216E},
    {0x216F, 0x216F, 0x217F, 0x216F},
    {0x2170, 0x2160, 0x2170, 0x2160},
    {0x2171, 0x2161, 0x2171, 0x2161},
    {0x2172, 0x2162, 0x2172, 0x2162},
    {0x2173, 0x2163, 0x2173, 0x2163},
    {0x2174, 0x2164, 0x2174, 0x2164},
    {0x2175, 0x2165, 0x2175, 0x2165},
    {0x2176, 0x2166, 0x2176, 0x2166},
    {0x2177, 0x2167, 0x2177, 0x2167},
    {0x2178, 0x2168, 0x2178, 0x2168},
    {0x2179, 0x2169, 0x2179, 0x2169},
    {0x217A, 0x216A, 0x217A, 0x216A},
    {0x217B, 0x216B, 0x217B, 0x216B},
    {0x217C, 0x216C, 0x217C, 0x216C},
    {0x217D, 0x216D, 0x217D, 0x216D},
    {0x217E, 0x216E, 0x217E, 0x216E},
    {0x217F, 0x216F, 0x217F, 0x216F},
    {0x2183, 0x2183, 0x2184, 0x2183},
    {0x2184, 0x2183, 0x2184, 0x2183},
    {0x24B6, 0x24B6, 0x24D0, 0x24B6},
    {0x24B7, 0x24B7, 0x24D1, 0x24B7},
    {0x24B8, 0x24B8, 0x24D2, 0x24B8},
    {0x24B9, 0x24B9, 0x24D3, 0x24B9},
    {0x24BA, 0x24BA, 0x24D4, 0x24BA},
    {0x24BB, 0x24BB, 0x24D5, 0x24BB},
    {0x24BC, 0x24BC, 0x24D6, 0x24BC},
    {0x24BD, 0x24BD, 0x24D7, 0x24BD},
    {0x24BE, 0x24BE, 0x24D8, 0x24BE},
    {0x24BF, 0x24BF, 0x24D9, 0x24BF},
    {0x24C0, 0x24C0, 0x24DA, 0x24C0},
    {0x24C1, 0x24C1, 0x24DB, 0x24C1},
    {0x24C2, 0x24C2, 0x24DC, 0x24C2},
    {0x24C3, 0x24C3, 0x24DD, 0x24C3},
    {0x24C4, 0x24C4, 0x24DE, 0x24C4},
    {0x24C5, 0x24C5, 0x24DF, 0x24C5},
    {0x24C6, 0x24C6, 0x24E0, 0x24C6},
    {0x24C7, 0x24C7, 0x24E1, 0x24C7},
    {0x24C8, 0x24C8, 0x24E2, 0x24C8},
    {0x24C9, 0x24C9, 0x24E3, 0x24C9},
    {0x24CA, 0x24CA, 0x24E4, 0x24CA},
    {0x24CB, 0x24CB, 0x24E5, 0x24CB},
    {0x24CC, 0x24CC, 0x24E6, 0x24CC},
    {0x24CD, 0x24CD, 0x24E7, 0x24CD},
    {0x24CE, 0x24CE, 0x24E8, 0x24CE},
    {0x24CF, 0x24CF, 0x24E9, 0x24CF},
    {0x24D0, 0x24B6, 0x24D0, 0x24B6},
    {0x24D1, 0x24B7, 0x24D1, 0x24B7},
    {0x24D2, 0x24B8, 0x24D2, 0x24B8},
    {0x24D3, 0x24B9, 0x24D3, 0x24B9},
    {0x24D4, 0x24BA, 0x24D4, 0x24BA},
    {0x24D5, 0x24BB, 0x24D5, 0x24BB},
    {0x24D6, 0x24BC, 0x24D6, 0x24BC},
    {0x24D7, 0x24BD, 0x24D7, 0x24BD},
    {0x24D8, 0x24BE, 0x24D8, 0x24BE},
    {0x24D9, 0x24BF, 0x24D9, 0x24BF},
    {0x24DA, 0x24C0, 0x24DA, 0x24C0},
    {0x24DB, 0x24C1, 0x24DB, 0x24C1},
    {0x24DC, 0x24C2, 0x24DC, 0x24C2},
    {0x24DD, 0x24C3, 0x24DD, 0x24C3},
    {0x24DE, 0x24C4, 0x24DE, 0x24C4},
    {0x24DF, 0x24C5, 0x24DF, 0x24C5},
    {0x24E0, 0x24C6, 0x24E0, 0x24C6},
    {0x24E1, 0x24C7, 0x24E1, 0x24C7},
    {0x24E2, 0x24C8, 0x24E2, 0x24C8},
    {0x24E3, 0x24C9, 0x24E3, 0x24C9},
    {0x24E4, 0x24CA, 0x24E4, 0x24CA},
    {0x24E5, 0x24CB, 0x24E5, 0x24CB},
    {0x24E6, 0x24CC, 0x24E6, 0x24CC},
    {0x24E7, 0x24CD, 0x24E7, 0x24CD},
    {0x24E8, 0x24CE, 0x24E8, 0x24CE},
    {0x24E9, 0x24CF, 0x24E9, 0x24CF},
    {0x2C00, 0x2C00, 0x2C30, 0x2C00},
    {0x2C01, 0x2C01, 0x2C31, 0x2C01},
    {0x2C02, 0x2C02, 0x2C32, 0x2C02},
    {0x2C03, 0x2C03, 0x2C33, 0x2C03},
    {0x2C04, 0x2C04, 0x2C34, 0x2C04},
    {0x2C05, 0x2C05, 0x2C35, 0x2C05},
    {0x2C06, 0x2C06, 0x2C36, 0x2C06},
    {0x2C07, 0x2C07, 0x2C37, 0x2C07},
    {0x2C08, 0x2C08, 0x2C38, 0x2C08},
    {0x2C09, 0x2C09, 0x2C39, 0x2C09},
    {0x2C0A, 0x2C0A, 0x2C3A, 0x2C0A},
    {0x2C0B, 0x2C0B, 0x2C3B, 0x2C0B},
    {0x2C0C, 0x2C0C, 0x2C3C, 0x2C0C},
    {0x2C0D, 0x2C0D, 0x2C3D, 0x2C0D},
    {0x2C0E, 0x2C0E, 0x2C3E, 0x2C0E},
    {0x2C0F, 0x2C0F, 0x2C3F, 0x2C0F},
    {0x2C10, 0x2C10, 0x2C40, 0x2C10},
    {0x2C11, 0x2C11, 0x2C41, 0x2C11},
    {0x2C12, 0x2C12, 0x2C42, 0x2C12},
    {0x2C13, 0x2C13, 0x2C43, 0x2C13},
    {0x2C14, 0x2C14, 0x2C44, 0x2C14},
    {0x2C15, 0x2C15, 0x2C45, 0x2C15},
    {0x2C16, 0x2C16, 0x2C46, 0x2C16},
    {0x2C17, 0x2C17, 0x2C47, 0x2C17},
    {0x2C18, 0x2C18, 0x2C48, 0x2C18},
    {0x2C19, 0x2C19, 0x2C49, 0x2C19},
    {0x2C1A, 0x2C1A, 0x2C4A, 0x2C1A},
    {0x2C1B, 0x2C1B, 0x2C4B, 0x2C1B},
    {0x2C1C, 0x2C1C, 0x2C4C, 0x2C1C},
    {0x2C1D, 0x2C1D, 0x2C4D, 0x2C1D},
    {0x2C1E, 0x2C1E, 0x2C4E, 0x2C1E},
    {0x2C1F, 0x2C1F, 0x2C4F, 0x2C1F},
    {0x2C20, 0x2C20, 0x2C50, 0x2C20},
    {0x2C21, 0x2C21, 0x2C51, 0x2C21},
    {0x2C22, 0x2C22, 0x2C52, 0x2C22},
    {0x2C23, 0x2C23, 0x2C53, 0x2C23},
    {0x2C24, 0x2C24, 0x2C54, 0x2C24},
    {0x2C25, 0x2C25, 0x2C55, 0x2C25},
    {0x2C26, 0x2C26, 0x2C56, 0x2C26},
    {0x2C27, 0x2C27, 0x2C57, 0x2C27},
    {0x2C28, 0x2C28, 0x2C58, 0x2C28},
    {0x2C29, 0x2C29, 0x2C59, 0x2C29},
    {0x2C2A, 0x2C2A, 0x2C5A, 0x2C2A},
    {0x2C2B, 0x2C2B, 0x2C5B, 0x2C2B},
    {0x2C2C, 0x2C2C, 0x2C5C, 0x2C2C},
    {0x2C2D, 0x2C2D, 0x2C5D, 0x2C2D},
    {0x2C2E, 0x2C2E, 0x2C5E, 0x2C2E},
    {0x2C2F, 0x2C2F, 0x2C5F, 0x2C2F},
    {0x2C30, 0x2C00, 0x2C30, 0x2C00},
    {0x2C31, 0x2C01, 0x2C31, 0x2C01},
    {0x2C32, 0x2C02, 0x2C32, 0x2C02},
    {0x2C33, 0x2C03, 0x2C33, 0x2C03},
    {0x2C34, 0x2C04, 0x2C34, 0x2C04},
    {0x2C35, 0x2C05, 0x2C35, 0x2C05},
    {0x2C36, 0x2C06, 0x2C36, 0x2C06},
    {0x2C37, 0x2C07, 0x2C37, 0x2C07},
    {0x2C38, 0x2C08, 0x2C38, 0x2C08},
    {0x2C39, 0x2C09, 0x2C39, 0x2C09},
    {0x2C3A, 0x2C0A, 0x2C3A, 0x2C0A},
    {0x2C3B, 0x2C0B, 0x2C3B, 0x2C0B},
    {0x2C3C, 0x2C0C, 0x2C3C, 0x2C0C},
    {0x2C3D, 0x2C0D, 0x2C3D, 0x2C0D},
    {0x2C3E, 0x2C0E, 0x2C3E, 0x2C0E},
    {0x2C3F, 0x2C0F, 0x2C3F, 0x2C0F},
    {0x2C40, 0x2C10, 0x2C40, 0x2C10},
    {0x2C41, 0x2C11, 0x2C41, 0x2C11},
    {0x2C42, 0x2C12, 0x2C42, 0x2C12},
    {0x2C43, 0x2C13, 0x2C43, 0x2C13},
    {0x2C44, 0x2C14, 0x2C44, 0x2C14},
    {0x2C45, 0x2C15, 0x2C45, 0x2C15},
    {0x2C46, 0x2C16, 0x2C46, 0x2C16},
    {0x2C47, 0x2C17, 0x2C47, 0x2C17},
    {0x2C48, 0x2C18, 0x2C48, 0x2C18},
    {0x2C49, 0x2C19, 0x2C49, 0x2C19},
    {0x2C4A, 0x2C1A, 0x2C4A, 0x2C1A},
    {0x2C4B, 0x2C1B, 0x2C4B, 0x2C1B},
    {0x2C4C, 0x2C1C, 0x2C4C, 0x2C1C},
    {0x2C4D, 0x2C1D, 0x2C4D, 0x2C1D},
    {0x2C4E, 0x2C1E, 0x2C4E, 0x2C1E},
    {0x2C4F, 0x2C1F, 0x2C4F, 0x2C1F},
    {0x2C50, 0x2C20, 0x2C50, 0x2C20},
    {0x2C51, 0x2C21, 0x2C51, 0x2C21},
    {0x2C52, 0x2C22, 0x2C52, 0x2C22},
    {0x2C53, 0x2C23, 0x2C53, 0x2C23},
    {0x2C54, 0x2C24, 0x2C54, 0x2C24},
    {0x2C55, 0x2C25, 0x2C55, 0x2C25},
    {0x2C56, 0x2C26, 0x2C56, 0x2C26},
    {0x2C57, 0x2C27, 0x2C57, 0x2C27},
    {0x2C58, 0x2C28, 0x2C58, 0x2C28},
    {0x2C59, 0x2C29, 0x2C59, 0x2C29},
    {0x2C5A, 0x2C2A, 0x2C5A, 0x2C2A},
    {0x2C5B, 0x2C2B, 0x2C5B, 0x2C2B},
    {0x2C5C, 0x2C2C, 0x2C5C, 0x2C2C},
    {0x2C5D, 0x2C2D, 0x2C5D, 0x2C2D},
    {0x2C5E, 0x2C2E, 0x2C5E, 0x2C2E},
    {0x2C5F, 0x2C2F, 0x2C5F, 0x2C2F},
    {0x2C60, 0x2C60, 0x2C61, 0x2C60},
    {0x2C61, 0x2C60, 0x2C61, 0x2C60},
    {0x2C62, 0x2C62, 0x26B, 0x2C62},
    {0x2C63, 0x2C63, 0x1D7D, 0x2C63},
    {0x2C64, 0x2C64, 0x27D, 0x2C64},
    {0x2C65, 0x23A, 0x2C65, 0x23A},
    {0x2C66, 0x23E, 0x2C66, 0x23E},
    {0x2C67, 0x2C67, 0x2C68, 0x2C67},
    {0x2C68, 0x2C67, 0x2C68, 0x2C67},
    {0x2C69, 0x2C69, 0x2C6A, 0x2C69},
    {0x2C6A, 0x2C69, 0x2C6A, 0x2C69},
    {0x2C6B, 0x2C6B, 0x2C6C, 0x2C6B},
    {0x2C6C, 0x2C6B, 0x2C6C, 0x2C6B},
    {0x2C6D, 0x2C6D, 0x251, 0x2C6D},
    {0x2C6E, 0x2C6E, 0x271, 0x2C6E},
    {0x2C6F, 0x2C6F, 0x250, 0x2C6F},
    {0x2C70, 0x2C70, 0x252, 0x2C70},
    {0x2C72, 0x2C72, 0x2C73, 0x2C72},
    {0x2C73, 0x2C72, 0x2C73, 0x2C72},
    {0x2C75, 0x2C75, 0x2C76, 0x2C75},
    {0x2C76, 0x2C75, 0x2C76, 0x2C75},
    {0x2C7E, 0x2C7E, 0x23F, 0x2C7E},
    {0x2C7F, 0x2C7F, 0x240, 0x2C7F},
    {0x2C80, 0x2C80, 0x2C81, 0x2C80},
    {0x2C81, 0x2C80, 0x2C81, 0x2C80},
    {0x2C82, 0x2C82, 0x2C83, 0x2C82},
    {0x2C83, 0x2C82, 0x2C83, 0x2C82},
    {0x2C84, 0x2C84, 0x2C85, 0x2C84},
    {0x2C85, 0x2C84, 0x2C85, 0x2C84},
    {0x2C86, 0x2C86, 0x2C87, 0x2C86},
    {0x2C87, 0x2C86, 0x2C87, 0x2C86},
    {0x2C88, 0x2C88, 0x2C89, 0x2C88},
    {0x2C89, 0x2C88, 0x2C89, 0x2C88},
    {0x2C8A, 0x2C8A, 0x2C8B, 0x2C8A},
    {0x2C8B, 0x2C8A, 0x2C8B, 0x2C8A},
    {0x2C8C, 0x2C8C, 0x2C8D, 0x2C8C},
    {0x2C8D, 0x2C8C, 0x2C8D, 0x2C8C},
    {0x2C8E, 0x2C8E, 0x2C8F, 0x2C8E},
    {0x2C8F, 0x2C8E, 0x2C8F, 0x2C8E},
    {0x2C90, 0x2C90, 0x2C91, 0x2C90},
    {0x2C91, 0x2C90, 0x2C91, 0x2C90},
    {0x2C92, 0x2C92, 0x2C93, 0x2C92},
    {0x2C93, 0x2C92, 0x2C93, 0x2C92},
    {0x2C94, 0x2C94, 0x2C95, 0x2C94},
    {0x2C95, 0x2C94, 0x2C95, 0x2C94},
    {0x2C96, 0x2C96, 0x2C97, 0x2C96},
    {0x2C97, 0x2C96, 0x2C97, 0x2C96},
    {0x2C98, 0x2C98, 0x2C99, 0x2C98},
    {0x2C99, 0x2C98, 0x2C99, 0x2C98},
    {0x2C9A, 0x2C9A, 0x2C9B, 0x2C9A},
    {0x2C9B, 0x2C9A, 0x2C9B, 0x2C9A},
    {0x2C9C, 0x2C9C, 0x2C9D, 0x2C9C},
    {0x2C9D, 0x2C9C, 0x2C9D, 0x2C9C},
    {0x2C9E, 0x2C9E, 0x2C9F, 0x2C9E},
    {0x2C9F, 0x2C9E, 0x2C9F, 0x2C9E},
    {0x2CA0, 0x2CA0, 0x2CA1, 0x2CA0},
    {0x2CA1, 0x2CA0, 0x2CA1, 0x2CA0},
    {0x2CA2, 0x2CA2, 0x2CA3, 0x2CA2},
    {0x2CA3, 0x2CA2, 0x2CA3, 0x2CA2},
    {0x2CA4, 0x2CA4, 0x2CA5, 0x2CA4},
    {0x2CA5, 0x2CA4, 0x2CA5, 0x2CA4},
    {0x2CA6, 0x2CA6, 0x2CA7, 0x2CA6},
    {0x2CA7, 0x2CA6, 0x2CA7, 0x2CA6},
    {0x2CA8, 0x2CA8, 0x2CA9, 0x2CA8},
    {0x2CA9, 0x2CA8, 0x2CA9, 0x2CA8},
    {0x2CAA, 0x2CAA, 0x2CAB, 0x2CAA},
    {0x2CAB, 0x2CAA, 0x2CAB, 0x2CAA},
    {0x2CAC, 0x2CAC, 0x2CAD, 0x2CAC},
    {0x2CAD, 0x2CAC, 0x2CAD, 0x2CAC},
    {0x2CAE, 0x2CAE, 0x2CAF, 0x2CAE},
    {0x2CAF, 0x2CAE, 0x2CAF, 0x2CAE},
    {0x2CB0, 0x2CB0, 0x2CB1, 0x2CB0},
    {0x2CB1, 0x2CB0, 0x2CB1, 0x2CB0},
    {0x2CB2, 0x2CB2, 0x2CB3, 0x2CB2},
    {0x2CB3, 0x2CB2, 0x2CB3, 0x2CB2},
    {0x2CB4, 0x2CB4, 0x2CB5, 0x2CB4},
    {0x2CB5, 0x2CB4, 0x2CB5, 0x2CB4},
    {0x2CB6, 0x2CB6, 0x2CB7, 0x2CB6},
    {0x2CB7, 0x2CB6, 0x2CB7, 0x2CB6},
    {0x2CB8, 0x2CB8, 0x2CB9, 0x2CB8},
    {0x2CB9, 0x2CB8, 0x2CB9, 0x2CB8},
    {0x2CBA, 0x2CBA, 0x2CBB, 0x2CBA},
    {0x2CBB, 0x2CBA, 0x2CBB, 0x2CBA},
    {0x2CBC, 0x2CBC, 0x2CBD, 0x2CBC},
    {0x2CBD, 0x2CBC, 0x2CBD, 0x2CBC},
    {0x2CBE, 0x2CBE, 0x2CBF, 0x2CBE},
    {0x2CBF, 0x2CBE, 0x2CBF, 0x2CBE},
    {0x2CC0, 0x2CC0, 0x2CC1, 0x2CC0},
    {0x2CC1, 0x2CC0, 0x2CC1, 0x2CC0},
    {0x2CC2, 0x2CC2, 0x2CC3, 0x2CC2},
    {0x2CC3, 0x2CC2, 0x2CC3, 0x2CC2},
    {0x2CC4, 0x2CC4, 0x2CC5, 0x2CC4},
    {0x2CC5, 0x2CC4, 0x2CC5, 0x2CC4},
    {0x2CC6, 0x2CC6, 0x2CC7, 0x2CC6},
    {0x2CC7, 0x2CC6, 0x2CC7, 0x2CC6},
    {0x2CC8, 0x2CC8, 0x2CC9, 0x2CC8},
    {0x2CC9, 0x2CC8, 0x2CC9, 0x2CC8},
    {0x2CCA, 0x2CCA, 0x2CCB, 0x2CCA},
    {0x2CCB, 0x2CCA, 0x2CCB, 0x2CCA},
    {0x2CCC, 0x2CCC, 0x2CCD, 0x2CCC},
    {0x2CCD, 0x2CCC, 0x2CCD, 0x2CCC},
    {0x2CCE, 0x2CCE, 0x2CCF, 0x2CCE},
    {0x2CCF, 0x2CCE, 0x2CCF, 0x2CCE},
    {0x2CD0, 0x2CD0, 0x2CD1, 0x2CD0},
    {0x2CD1, 0x2CD0, 0x2CD1, 0x2CD0},
    {0x2CD2, 0x2CD2, 0x2CD3, 0x2CD2},
    {0x2CD3, 0x2CD2, 0x2CD3, 0x2CD2},
    {0x2CD4, 0x2CD4, 0x2CD5, 0x2CD4},
    {0x2CD5, 0x2CD4, 0x2CD5, 0x2CD4},
    {0x2CD6, 0x2CD6, 0x2CD7, 0x2CD6},
    {0x2CD7, 0x2CD6, 0x2CD7, 0x2CD6},
    {0x2CD8, 0x2CD8, 0x2CD9, 0x2CD8},
    {0x2CD9, 0x2CD8, 0x2CD9, 0x2CD8},
    {0x2CDA, 0x2CDA, 0x2CDB, 0x2CDA},
    {0x2CDB, 0x2CDA, 0x2CDB, 0x2CDA},
    {0x2CDC, 0x2CDC, 0x2CDD, 0x2CDC},
    {0x2CDD, 0x2CDC, 0x2CDD, 0x2CDC},
    {0x2CDE, 0x2CDE, 0x2CDF, 0x2CDE},
    {0x2CDF, 0x2CDE, 0x2CDF, 0x2CDE},
    {0x2CE0, 0x2CE0, 0x2CE1, 0x2CE0},
    {0x2CE1, 0x2CE0, 0x2CE1, 0x2CE0},
    {0x2CE2, 0x2CE2, 0x2CE3, 0x2CE2},
    {0x2CE3, 0x2CE2, 0x2CE3, 0x2CE2},
    {0x2CEB, 0x2CEB, 0x2CEC, 0x2CEB},
    {0x2CEC, 0x2CEB, 0x2CEC, 0x2CEB},
    {0x2CED, 0x2CED, 0x2CEE, 0x2CED},
    {0x2CEE, 0x2CED, 0x2CEE, 0x2CED},
    {0x2CF2, 0x2CF2, 0x2CF3, 0x2CF2},
    {0x2CF3, 0x2CF2, 0x2CF3, 0x2CF2},
    {0x2D00, 0x10A0, 0x2D00, 0x10A0},
    {0x2D01, 0x10A1, 0x2D01, 0x10A1},
    {0x2D02, 0x10A2, 0x2D02, 0x10A2},
    {0x2D03, 0x10A3, 0x2D03, 0x10A3},
    {0x2D04, 0x10A4, 0x2D04, 0x10A4},
    {0x2D05, 0x10A5, 0x2D05, 0x10A5},
    {0x2D06, 0x10A6, 0x2D06, 0x10A6},
    {0x2D07, 0x10A7, 0x2D07, 0x10A7},
    {0x2D08, 0x10A8, 0x2D08, 0x10A8},
    {0x2D09, 0x10A9, 0x2D09, 0x10A9},
    {0x2D0A, 0x10AA, 0x2D0A, 0x10AA},
    {0x2D0B, 0x10AB, 0x2D0B, 0x10AB},
    {0x2D0C, 0x10AC, 0x2D0C, 0x10AC},
    {0x2D0D, 0x10AD, 0x2D0D, 0x10AD},
    {0x2D0E, 0x10AE, 0x2D0E, 0x10AE},
    {0x2D0F, 0x10AF, 0x2D0F, 0x10AF},
    {0x2D10, 0x10B0, 0x2D10, 0x10B0},
    {0x2D11, 0x10B1, 0x2D11, 0x10B1},
    {0x2D12, 0x10B2, 0x2D12, 0x10B2},
    {0x2D13, 0x10B3, 0x2D13, 0x10B3},
    {0x2D14, 0x10B4, 0x2D14, 0x10B4},
    {0x2D15, 0x10B5, 0x2D15, 0x10B5},
    {0x2D16, 0x10B6, 0x2D16, 0x10B6},
    {0x2D17, 0x10B7, 0x2D17, 0x10B7},
    {0x2D18, 0x10B8, 0x2D18, 0x10B8},
    {0x2D19, 0x10B9, 0x2D19, 0x10B9},
    {0x2D1A, 0x10BA, 0x2D1A, 0x10BA},
    {0x2D1B, 0x10BB, 0x2D1B, 0x10BB},
    {0x2D1C, 0x10BC, 0x2D1C, 0x10BC},
    {0x2D1D, 0x10BD, 0x2D1D, 0x10BD},
    {0x2D1E, 0x10BE, 0x2D1E, 0x10BE},
    {0x2D1F, 0x10BF, 0x2D1F, 0x10BF},
    {0x2D20, 0x10C0, 0x2D20, 0x10C0},
    {0x2D21, 0x10C1, 0x2D21, 0x10C1},
    {0x2D22, 0x10C2, 0x2D22, 0x10C2},
    {0x2D23, 0x10C3, 0x2D23, 0x10C3},
    {0x2D24, 0x10C4, 0x2D24, 0x10C4},
    {0x2D25, 0x10C5, 0x2D25, 0x10C5},
    {0x2D27, 0x10C7, 0x2D27, 0x10C7},
    {0x2D2D, 0x10CD, 0x2D2D, 0x10CD},
    {0xA640, 0xA640, 0xA641, 0xA640},
    {0xA641, 0xA640, 0xA641, 0xA640},
    {0xA642, 0xA642, 0xA643, 0xA642},
    {0xA643, 0xA642, 0xA643, 0xA642},
    {0xA644, 0xA644, 0xA645, 0xA644},
    {0xA645, 0xA644, 0xA645, 0xA644},
    {0xA646, 0xA646, 0xA647, 0xA646},
    {0xA647, 0xA646, 0xA647, 0xA646},
    {0xA648, 0xA648, 0xA649, 0xA648},
    {0xA649, 0xA648, 0xA649, 0xA648},
    {0xA64A, 0xA64A, 0xA64B, 0xA64A},
    {0xA64B, 0xA64A, 0xA64B, 0xA64A},
    {0xA64C, 0xA64C, 0xA64D, 0xA64C},
    {0xA64D, 0xA64C, 0xA64D, 0xA64C},
    {0xA64E, 0xA64E, 0xA64F, 0xA64E},
    {0xA64F, 0xA64E, 0xA64F, 0xA64E},
    {0xA650, 0xA650, 0xA651, 0xA650},
    {0xA651, 0xA650, 0xA651, 0xA650},
    {0xA652, 0xA652, 0xA653, 0xA652},
    {0xA653, 0xA652, 0xA653, 0xA652},
    {0xA654, 0xA654, 0xA655, 0xA654},
    {0xA655, 0xA654, 0xA655, 0xA654},
    {0xA656, 0xA656, 0xA657, 0xA656},
    {0xA657, 0xA656, 0xA657, 0xA656},
    {0xA658, 0xA658, 0xA659, 0xA658},
    {0xA659, 0xA658, 0xA659, 0xA658},
    {0xA65A, 0xA65A, 0xA65B, 0xA65A},
    {0xA65B, 0xA65A, 0xA65B, 0xA65A},
    {0xA65C, 0xA65C, 0xA65D, 0xA65C},
    {0xA65D, 0xA65C, 0xA65D, 0xA65C},
    {0xA65E, 0xA65E, 0xA65F, 0xA65E},
    {0xA65F, 0xA65E, 0xA65F, 0xA65E},
    {0xA660, 0xA660, 0xA661, 0xA660},
    {0xA661, 0xA660, 0xA661, 0xA660},
    {0xA662, 0xA662, 0xA663, 0xA662},
    {0xA663, 0xA662, 0xA663, 0xA662},
    {0xA664, 0xA664, 0xA665, 0xA664},
    {0xA665, 0xA664, 0xA665, 0xA664},
    {0xA666, 0xA666, 0xA667, 0xA666},
    {0xA667, 0xA666, 0xA667, 0xA666},
    {0xA668, 0xA668, 0xA669, 0xA668},
    {0xA669, 0xA668, 0xA669, 0xA668},
    {0xA66A, 0xA66A, 0xA66B, 0xA66A},
    {0xA66B, 0xA66A, 0xA66B, 0xA66A},
    {0xA66C, 0xA66C, 0xA66D, 0xA66C},
    {0xA66D, 0xA66C, 0xA66D, 0xA66C},
    {0xA680, 0xA680, 0xA681, 0xA680},
    {0xA681, 0xA680, 0xA681, 0xA680},
    {0xA682, 0xA682, 0xA683, 0xA682},
    {0xA683, 0xA682, 0xA683, 0xA682},
    {0xA684, 0xA684, 0xA685, 0xA684},
    {0xA685, 0xA684, 0xA685, 0xA684},
    {0xA686, 0xA686, 0xA687, 0xA686},
    {0xA687, 0xA686, 0xA687, 0xA686},
    {0xA688, 0xA688, 0xA689, 0xA688},
    {0xA689, 0xA688, 0xA689, 0xA688},
    {0xA68A, 0xA68A, 0xA68B, 0xA68A},
    {0xA68B, 0xA68A, 0xA68B, 0xA68A},
    {0xA68C, 0xA68C, 0xA68D, 0xA68C},
    {0xA68D, 0xA68C, 0xA68D, 0xA68C},
    {0xA68E, 0xA68E, 0xA68F, 0xA68E},
    {0xA68F, 0xA68E, 0xA68F, 0xA68E},
    {0xA690, 0xA690, 0xA691, 0xA690},
    {0xA691, 0xA690, 0xA691, 0xA690},
    {0xA692, 0xA692, 0xA693, 0xA692},
    {0xA693, 0xA692, 0xA693, 0xA692},
    {0xA694, 0xA694, 0xA695, 0xA694},
    {0xA695, 0xA694, 0xA695, 0xA694},
    {0xA696, 0xA696, 0xA697, 0xA696},
    {0xA697, 0xA696, 0xA697, 0xA696},
    {0xA698, 0xA698, 0xA699, 0xA698},
    {0xA699, 0xA698, 0xA699, 0xA698},
    {0xA69A, 0xA69A, 0xA69B, 0xA69A},
    {0xA69B, 0xA69A, 0xA69B, 0xA69A},
    {0xA722, 0xA722, 0xA723, 0xA722},
    {0xA723, 0xA722, 0xA723, 0xA722},
    {0xA724, 0xA724, 0xA725, 0xA724},
    {0xA725, 0xA724, 0xA725, 0xA724},
    {0xA726, 0xA726, 0xA727, 0xA726},
    {0xA727, 0xA726, 0xA727, 0xA726},
    {0xA728, 0xA728, 0xA729, 0xA728},
    {0xA729, 0xA728, 0xA729, 0xA728},
    {0xA72A, 0xA72A, 0xA72B, 0xA72A},
    {0xA72B, 0xA72A, 0xA72B, 0xA72A},
    {0xA72C, 0xA72C, 0xA72D, 0xA72C},
    {0xA72D, 0xA72C, 0xA72D, 0xA72C},
    {0xA72E, 0xA72E, 0xA72F, 0xA72E},
    {0xA72F, 0xA72E, 0xA72F, 0xA72E},
    {0xA732, 0xA732, 0xA733, 0xA732},
    {0xA733, 0xA732, 0xA733, 0xA732},
    {0xA734, 0xA734, 0xA735, 0xA734},
    {0xA735, 0xA734, 0xA735, 0xA734},
    {0xA736, 0xA736, 0xA737, 0xA736},
    {0xA737, 0xA736, 0xA737, 0xA736},
    {0xA738, 0xA738, 0xA739, 0xA738},
    {0xA739, 0xA738, 0xA739, 0xA738},
    {0xA73A, 0xA73A, 0xA73B, 0xA73A},
    {0xA73B, 0xA73A, 0xA73B, 0xA73A},
    {0xA73C, 0xA73C, 0xA73D, 0xA73C},
    {0xA73D, 0xA73C, 0xA73D, 0xA73C},
    {0xA73E, 0xA73E, 0xA73F, 0xA73E},
    {0xA73F, 0xA73E, 0xA73F, 0xA73E},
    {0xA740, 0xA740, 0xA741, 0xA740},
    {0xA741, 0xA740, 0xA741, 0xA740},
    {0xA742, 0xA742, 0xA743, 0xA742},
    {0xA743, 0xA742, 0xA743, 0xA742},
    {0xA744, 0xA744, 0xA745, 0xA744},
    {0xA745, 0xA744, 0xA745, 0xA744},
    {0xA746, 0xA746, 0xA747, 0xA746},
    {0xA747, 0xA746, 0xA747, 0xA746},
    {0xA748, 0xA748, 0xA749, 0xA748},
    {0xA749, 0xA748, 0xA749, 0xA748},
    {0xA74A, 0xA74A, 0xA74B, 0xA74A},
    {0xA74B, 0xA74A, 0xA74B, 0xA74A},
    {0xA74C, 0xA74C, 0xA74D, 0xA74C},
    {0xA74D, 0xA74C, 0xA74D, 0xA74C},
    {0xA74E, 0xA74E, 0xA74F, 0xA74E},
    {0xA74F, 0xA74E, 0xA74F, 0xA74E},
    {0xA750, 0xA750, 0xA751, 0xA750},
    {0xA751, 0xA750, 0xA751, 0xA750},
    {0xA752, 0xA752, 0xA753, 0xA752},
    {0xA753, 0xA752, 0xA753, 0xA752},
    {0xA754, 0xA754, 0xA755, 0xA754},
    {0xA755, 0xA754, 0xA755, 0xA754},
    {0xA756, 0xA756, 0xA757, 0xA756},
    {0xA757, 0xA756, 0xA757, 0xA756},
    {0xA758, 0xA758, 0xA759, 0xA758},
    {0xA759, 0xA758, 0xA759, 0xA758},
    {0xA75A, 0xA75A, 0xA75B, 0xA75A},
    {0xA75B, 0xA75A, 0xA75B, 0xA75A},
    {0xA75C, 0xA75C, 0xA75D, 0xA75C},
    {0xA75D, 0xA75C, 0xA75D, 0xA75C},
    {0xA75E, 0xA75E, 0xA75F, 0xA75E},
    {0xA75F, 0xA75E, 0xA75F, 0xA75E},
    {0xA760, 0xA760, 0xA761, 0xA760},
    {0xA761, 0xA760, 0xA761, 0xA760},
    {0xA762, 0xA762, 0xA763, 0xA762},
    {0xA763, 0xA762, 0xA763, 0xA762},
    {0xA764, 0xA764, 0xA765, 0xA764},
    {0xA765, 0xA764, 0xA765, 0xA764},
    {0xA766, 0xA766, 0xA767, 0xA766},
    {0xA767, 0xA766, 0xA767, 0xA766},
    {0xA768, 0xA768, 0xA769, 0xA768},
    {0xA769, 0xA768, 0xA769, 0xA768},
    {0xA76A, 0xA76A, 0xA76B, 0xA76A},
    {0xA76B, 0xA76A, 0xA76B, 0xA76A},
    {0xA76C, 0xA76C, 0xA76D, 0xA76C},
    {0xA76D, 0xA76C, 0xA76D, 0xA76C},
    {0xA76E, 0xA76E, 0xA76F, 0xA76E},
    {0xA76F, 0xA76E, 0xA76F, 0xA76E},
    {0xA779, 0xA779, 0xA77A, 0xA779},
    {0xA77A, 0xA779, 0xA77A, 0xA779},
    {0xA77B, 0xA77B, 0xA77C, 0xA77B},
    {0xA77C, 0xA77B, 0xA77C, 0xA77B},
    {0xA77D, 0xA77D, 0x1D79, 0xA77D},
    {0xA77E, 0xA77E, 0xA77F, 0xA77E},
    {0xA77F, 0xA77E, 0xA77F, 0xA77E},
    {0xA780, 0xA780, 0xA781, 0xA780},
    {0xA781, 0xA780, 0xA781, 0xA780},
    {0xA782, 0xA782, 0xA783, 0xA782},
    {0xA783, 0xA782, 0xA783, 0xA782},
    {0xA784, 0xA784, 0xA785, 0xA784},
    {0xA785, 0xA784, 0xA785, 0xA784},
    {0xA786, 0xA786, 0xA787, 0xA786},
    {0xA787, 0xA786, 0xA787, 0xA786},
    {0xA78B, 0xA78B, 0xA78C, 0xA78B},
    {0xA78C, 0xA78B, 0xA78C, 0xA78B},
    {0xA78D, 0xA78D, 0x265, 0xA78D},
    {0xA790, 0xA790, 0xA791, 0xA790},
    {0xA791, 0xA790, 0xA791, 0xA790},
    {0xA792, 0xA792, 0xA793, 0xA792},
    {0xA793, 0xA792, 0xA793, 0xA792},
    {0xA794, 0xA7C4, 0xA794, 0xA7C4},
    {0xA796, 0xA796, 0xA797, 0xA796},
    {0xA797, 0xA796, 0xA797, 0xA796},
    {0xA798, 0xA798, 0xA799, 0xA798},
    {0xA799, 0xA798, 0xA799, 0xA798},
    {0xA79A, 0xA79A, 0xA79B, 0xA79A},
    {0xA79B, 0xA79A, 0xA79B, 0xA79A},
    {0xA79C, 0xA79C, 0xA79D, 0xA79C},
    {0xA79D, 0xA79C, 0xA79D, 0xA79C},
    {0xA79E, 0xA79E, 0xA79F, 0xA79E},
    {0xA79F, 0xA79E, 0xA79F, 0xA79E},
    {0xA7A0, 0xA7A0, 0xA7A1, 0xA7A0},
    {0xA7A1, 0xA7A0, 0xA7A1, 0xA7A0},
    {0xA7A2, 0xA7A2, 0xA7A3, 0xA7A2},
    {0xA7A3, 0xA7A2, 0xA7A3, 0xA7A2},
    {0xA7A4, 0xA7A4, 0xA7A5, 0xA7A4},
    {0xA7A5, 0xA7A4, 0xA7A5, 0xA7A4},
    {0xA7A6, 0xA7A6, 0xA7A7, 0xA7A6},
    {0xA7A7, 0xA7A6, 0xA7A7, 0xA7A6},
    {0xA7A8, 0xA7A8, 0xA7A9, 0xA7A8},
    {0xA7A9, 0xA7A8, 0xA7A9, 0xA7A8},
    {0xA7AA, 0xA7AA, 0x266, 0xA7AA},
    {0xA7AB, 0xA7AB, 0x25C, 0xA7AB},
    {0xA7AC, 0xA7AC, 0x261, 0xA7AC},
    {0xA7AD, 0xA7AD, 0x26C, 0xA7AD},
    {0xA7AE, 0xA7AE, 0x26A, 0xA7AE},
    {0xA7B0, 0xA7B0, 0x29E, 0xA7B0},
    {0xA7B1, 0xA7B1, 0x287, 0xA7B1},
    {0xA7B2, 0xA7B2, 0x29D, 0xA7B2},
    {0xA7B3, 0xA7B3, 0xAB53, 0xA7B3},
    {0xA7B4, 0xA7B4, 0xA7B5, 0xA7B4},
    {0xA7B5, 0xA7B4, 0xA7B5, 0xA7B4},
    {0xA7B6, 0xA7B6, 0xA7B7, 0xA7B6},
    {0xA7B7, 0xA7B6, 0xA7B7, 0xA7B6},
    {0xA7B8, 0xA7B8, 0xA7B9, 0xA7B8},
    {0xA7B9, 0xA7B8, 0xA7B9, 0xA7B8},
    {0xA7BA, 0xA7BA, 0xA7BB, 0xA7BA},
    {0xA7BB, 0xA7BA, 0xA7BB, 0xA7BA},
    {0xA7BC, 0xA7BC, 0xA7BD, 0xA7BC},
    {0xA7BD, 0xA7BC, 0xA7BD, 0xA7BC},
    {0xA7BE, 0xA7BE, 0xA7BF, 0xA7BE},
    {0xA7BF, 0xA7BE, 0xA7BF, 0xA7BE},
    {0xA7C0, 0xA7C0, 0xA7C1, 0xA7C0},
    {0xA7C1, 0xA7C0, 0xA7C1, 0xA7C0},
    {0xA7C2, 0xA7C2, 0xA7C3, 0xA7C2},
    {0xA7C3, 0xA7C2, 0xA7C3, 0xA7C2},
    {0xA7C4, 0xA7C4, 0xA794, 0xA7C4},
    {0xA7C5, 0xA7C5, 0x282, 0xA7C5},
    {0xA7C6, 0xA7C6, 0x1D8E, 0xA7C6},
    {0xA7C7, 0xA7C7, 0xA7C8, 0xA7C7},
    {0xA7C8, 0xA7C7, 0xA7C8, 0xA7C7},
    {0xA7C9, 0xA7C9, 0xA7CA, 0xA7C9},
    {0xA7CA, 0xA7C9, 0xA7CA, 0xA7C9},
    {0xA7D0, 0xA7D0, 0xA7D1, 0xA7D0},
    {0xA7D1, 0xA7D0, 0xA7D1, 0xA7D0},
    {0xA7D6, 0xA7D6, 0xA7D7, 0xA7D6},
    {0xA7D7, 0xA7D6, 0xA7D7, 0xA7D6},
    {0xA7D8, 0xA7D8, 0xA7D9, 0xA7D8},
    {0xA7D9, 0xA7D8, 0xA7D9, 0xA7D8},
    {0xA7F5, 0xA7F5, 0xA7F6, 0xA7F5},
    {0xA7F6, 0xA7F5, 0xA7F6, 0xA7F5},
    {0xAB53, 0xA7B3, 0xAB53, 0xA7B3},
    {0xAB70, 0x13A0, 0xAB70, 0x13A0},
    {0xAB71, 0x13A1, 0xAB71, 0x13A1},
    {0xAB72, 0x13A2, 0xAB72, 0x13A2},
    {0xAB73, 0x13A3, 0xAB73, 0x13A3},
    {0xAB74, 0x13A4, 0xAB74, 0x13A4},
    {0xAB75, 0x13A5, 0xAB75, 0x13A5},
    {0xAB76, 0x13A6, 0xAB76, 0x13A6},
    {0xAB77, 0x13A7, 0xAB77, 0x13A7},
    {0xAB78, 0x13A8, 0xAB78, 0x13A8},
    {0xAB79, 0x13A9, 0xAB79, 0x13A9},
    {0xAB7A, 0x13AA, 0xAB7A, 0x13AA},
    {0xAB7B, 0x13AB, 0xAB7B, 0x13AB},
    {0xAB7C, 0x13AC, 0xAB7C, 0x13AC},
    {0xAB7D, 0x13AD, 0xAB7D, 0x13AD},
    {0xAB7E, 0x13AE, 0xAB7E, 0x13AE},
    {0xAB7F, 0x13AF, 0xAB7F, 0x13AF},
    {0xAB80, 0x13B0, 0xAB80, 0x13B0},
    {0xAB81, 0x13B1, 0xAB81, 0x13B1},
    {0xAB82, 0x13B2, 0xAB82, 0x13B2},
    {0xAB83, 0x13B3, 0xAB83, 0x13B3},
    {0xAB84, 0x13B4, 0xAB84, 0x13B4},
    {0xAB85, 0x13B5, 0xAB85, 0x13B5},
    {0xAB86, 0x13B6, 0xAB86, 0x13B6},
    {0xAB87, 0x13B7, 0xAB87, 0x13B7},
    {0xAB88, 0x13B8, 0xAB88, 0x13B8},
    {0xAB89, 0x13B9, 0xAB89, 0x13B9},
    {0xAB8A, 0x13BA, 0xAB8A, 0x13BA},
    {0xAB8B, 0x13BB, 0xAB8B, 0x13BB},
    {0xAB8C, 0x13BC, 0xAB8C, 0x13BC},
    {0xAB8D, 0x13BD, 0xAB8D, 0x13BD},
    {0xAB8E, 0x13BE, 0xAB8E, 0x13BE},
    {0xAB8F, 0x13BF, 0xAB8F, 0x13BF},
    {0xAB90, 0x13C0, 0xAB90, 0x13C0},
    {0xAB91, 0x13C1, 0xAB91, 0x13C1},
    {0xAB92, 0x13C2, 0xAB92, 0x13C2},
    {0xAB93, 0x13C3, 0xAB93, 0x13C3},
    {0xAB94, 0x13C4, 0xAB94, 0x13C4},
    {0xAB95, 0x13C5, 0xAB95, 0x13C5},
    {0xAB96, 0x13C6, 0xAB96, 0x13C6},
    {0xAB97, 0x13C7, 0xAB97, 0x13C7},
    {0xAB98, 0x13C8, 0xAB98, 0x13C8},
    {0xAB99, 0x13C9, 0xAB99, 0x13C9},
    {0xAB9A, 0x13CA, 0xAB9A, 0x13CA},
    {0xAB9B, 0x13CB, 0xAB9B, 0x13CB},
    {0xAB9C, 0x13CC, 0xAB9C, 0x13CC},
    {0xAB9D, 0x13CD, 0xAB9D, 0x13CD},
    {0xAB9E, 0x13CE, 0xAB9E, 0x13CE},
    {0xAB9F, 0x13CF, 0xAB9F, 0x13CF},
    {0xABA0, 0x13D0, 0xABA0, 0x13D0},
    {0xABA1, 0x13D1, 0xABA1, 0x13D1},
    {0xABA2, 0x13D2, 0xABA2, 0x13D2},
    {0xABA3, 0x13D3, 0xABA3, 0x13D3},
    {0xABA4, 0x13D4, 0xABA4, 0x13D4},
    {0xABA5, 0x13D5, 0xABA5, 0x13D5},
    {0xABA6, 0x13D6, 0xABA6, 0x13D6},
    {0xABA7, 0x13D7, 0xABA7, 0x13D7},
    {0xABA8, 0x13D8, 0xABA8, 0x13D8},
    {0xABA9, 0x13D9, 0xABA9, 0x13D9},
    {0xABAA, 0x13DA, 0xABAA, 0x13DA},
    {0xABAB, 0x13DB, 0xABAB, 0x13DB},
    {0xABAC, 0x13DC, 0xABAC, 0x13DC},
    {0xABAD, 0x13DD, 0xABAD, 0x13DD},
    {0xABAE, 0x13DE, 0xABAE, 0x13DE},
    {0xABAF, 0x13DF, 0xABAF, 0x13DF},
    {0xABB0, 0x13E0, 0xABB0, 0x13E0},
    {0xABB1, 0x13E1, 0xABB1, 0x13E1},
    {0xABB2, 0x13E2, 0xABB2, 0x13E2},
    {0xABB3, 0x13E3, 0xABB3, 0x13E3},
    {0xABB4, 0x13E4, 0xABB4, 0x13E4},
    {0xABB5, 0x13E5, 0xABB5, 0x13E5},
    {0xABB6, 0x13E6, 0xABB6, 0x13E6},
    {0xABB7, 0x13E7, 0xABB7, 0x13E7},
    {0xABB8, 0x13E8, 0xABB8, 0x13E8},
    {0xABB9, 0x13E9, 0xABB9, 0x13E9},
    {0xABBA, 0x13EA, 0xABBA, 0x13EA},
    {0xABBB, 0x13EB, 0xABBB, 0x13EB},
    {0xABBC, 0x13EC, 0xABBC, 0x13EC},
    {0xABBD, 0x13ED, 0xABBD, 0x13ED},
    {0xABBE, 0x13EE, 0xABBE, 0x13EE},
    {0xABBF, 0x13EF, 0xABBF, 0x13EF},
    {0xFF21, 0xFF21, 0xFF41, 0xFF21},
    {0xFF22, 0xFF22, 0xFF42, 0xFF22},
    {0xFF23, 0xFF23, 0xFF43, 0xFF23},
    {0xFF24, 0xFF24, 0xFF44, 0xFF24},
    {0xFF25, 0xFF25, 0xFF45, 0xFF25},
    {0xFF26, 0xFF26, 0xFF46, 0xFF26},
    {0xFF27, 0xFF27, 0xFF47, 0xFF27},
    {0xFF28, 0xFF28, 0xFF48, 0xFF28},
    {0xFF29, 0xFF29, 0xFF49, 0xFF29},
    {0xFF2A, 0xFF2A, 0xFF4A, 0xFF2A},
    {0xFF2B, 0xFF2B, 0xFF4B, 0xFF2B},
    {0xFF2C, 0xFF2C, 0xFF4C, 0xFF2C},
    {0xFF2D, 0xFF2D, 0xFF4D, 0xFF2D},
    {0xFF2E, 0xFF2E, 0xFF4E, 0xFF2E},
    {0xFF2F, 0xFF2F, 0xFF4F, 0xFF2F},
    {0xFF30, 0xFF30, 0xFF50, 0xFF30},
    {0xFF31, 0xFF31, 0xFF51, 0xFF31},
    {0xFF32, 0xFF32, 0xFF52, 0xFF32},
    {0xFF33, 0xFF33, 0xFF53, 0xFF33},
    {0xFF34, 0xFF34, 0xFF54, 0xFF34},
    {0xFF35, 0xFF35, 0xFF55, 0xFF35},
    {0xFF36, 0xFF36, 0xFF56, 0xFF36},
    {0xFF37, 0xFF37, 0xFF57, 0xFF37},
    {0xFF38, 0xFF38, 0xFF58, 0xFF38},
    {0xFF39, 0xFF39, 0xFF59, 0xFF39},
    {0xFF3A, 0xFF3A, 0xFF5A, 0xFF3A},
    {0xFF41, 0xFF21, 0xFF41, 0xFF21},
    {0xFF42, 0xFF22, 0xFF42, 0xFF22},
    {0xFF43, 0xFF23, 0xFF43, 0xFF23},
    {0xFF44, 0xFF24, 0xFF44, 0xFF24},
    {0xFF45, 0xFF25, 0xFF45, 0xFF25},
    {0xFF46, 0xFF26, 0xFF46, 0xFF26},
    {0xFF47, 0xFF27, 0xFF47, 0xFF27},
    {0xFF48, 0xFF28, 0xFF48, 0xFF28},
    {0xFF49, 0xFF29, 0xFF49, 0xFF29},
    {0xFF4A, 0xFF2A, 0xFF4A, 0xFF2A},
    {0xFF4B, 0xFF2B, 0xFF4B, 0xFF2B},
    {0xFF4C, 0xFF2C, 0xFF4C, 0xFF2C},
    {0xFF4D, 0xFF2D, 0xFF4D, 0xFF2D},
    {0xFF4E, 0xFF2E, 0xFF4E, 0xFF2E},
    {0xFF4F, 0xFF2F, 0xFF4F, 0xFF2F},
    {0xFF50, 0xFF30, 0xFF50, 0xFF30},
    {0xFF51, 0xFF31, 0xFF51, 0xFF31},
    {0xFF52, 0xFF32, 0xFF52, 0xFF32},
    {0xFF53, 0xFF33, 0xFF53, 0xFF33},
    {0xFF54, 0xFF34, 0xFF54, 0xFF34},
    {0xFF55, 0xFF35, 0xFF55, 0xFF35},
    {0xFF56, 0xFF36, 0xFF56, 0xFF36},
    {0xFF57, 0xFF37, 0xFF57, 0xFF37},
    {0xFF58, 0xFF38, 0xFF58, 0xFF38},
    {0xFF59, 0xFF39, 0xFF59, 0xFF39},
    {0xFF5A, 0xFF3A, 0xFF5A, 0xFF3A},
    {0x10400, 0x10400, 0x10428, 0x10400},
    {0x10401, 0x10401, 0x10429, 0x10401},
    {0x10402, 0x10402, 0x1042A, 0x10402},
    {0x10403, 0x10403, 0x1042B, 0x10403},
    {0x10404, 0x10404, 0x1042C, 0x10404},
    {0x10405, 0x10405, 0x1042D, 0x10405},
    {0x10406, 0x10406, 0x1042E, 0x10406},
    {0x10407, 0x10407, 0x1042F, 0x10407},
    {0x10408, 0x10408, 0x10430, 0x10408},
    {0x10409, 0x10409, 0x10431, 0x10409},
    {0x1040A, 0x1040A, 0x10432, 0x1040A},
    {0x1040B, 0x1040B, 0x10433, 0x1040B},
    {0x1040C, 0x1040C, 0x10434, 0x1040C},
    {0x1040D, 0x1040D, 0x10435, 0x1040D},
    {0x1040E, 0x1040E, 0x10436, 0x1040E},
    {0x1040F, 0x1040F, 0x10437, 0x1040F},
    {0x10410, 0x10410, 0x10438, 0x10410},
    {0x10411, 0x10411, 0x10439, 0x10411},
    {0x10412, 0x10412, 0x1043A, 0x10412},
    {0x10413, 0x10413, 0x1043B, 0x10413},
    {0x10414, 0x10414, 0x1043C, 0x10414},
    {0x10415, 0x10415, 0x1043D, 0x10415},
    {0x10416, 0x10416, 0x1043E, 0x10416},
    {0x10417, 0x10417, 0x1043F, 0x10417},
    {0x10418, 0x10418, 0x10440, 0x10418},
    {0x10419, 0x10419, 0x10441, 0x10419},
    {0x1041A, 0x1041A, 0x10442, 0x1041A},
    {0x1041B, 0x1041B, 0x10443, 0x1041B},
    {0x1041C, 0x1041C, 0x10444, 0x1041C},
    {0x1041D, 0x1041D, 0x10445, 0x1041D},
    {0x1041E, 0x1041E, 0x10446, 0x1041E},
    {0x1041F, 0x1041F, 0x10447, 0x1041F},
    {0x10420, 0x10420, 0x10448, 0x10420},
    {0x10421, 0x10421, 0x10449, 0x10421},
    {0x10422, 0x10422, 0x1044A, 0x10422},
    {0x10423, 0x10423, 0x1044B, 0x10423},
    {0x10424, 0x10424, 0x1044C, 0x10424},
    {0x10425, 0x10425, 0x1044D, 0x10425},
    {0x10426, 0x10426, 0x1044E, 0x10426},
    {0x10427, 0x10427, 0x1044F, 0x10427},
    {0x10428, 0x10400, 0x10428, 0x10400},
    {0x10429, 0x10401, 0x10429, 0x10401},
    {0x1042A, 0x10402, 0x1042A, 0x10402},
    {0x1042B, 0x10403, 0x1042B, 0x10403},
    {0x1042C, 0x10404, 0x1042C, 0x10404},
    {0x1042D, 0x10405, 0x1042D, 0x10405},
    {0x1042E, 0x10406, 0x1042E, 0x10406},
    {0x1042F, 0x10407, 0x1042F, 0x10407},
    {0x10430, 0x10408, 0x10430, 0x10408},
    {0x10431, 0x10409, 0x10431, 0x10409},
    {0x10432, 0x1040A, 0x10432, 0x1040A},
    {0x10433, 0x1040B, 0x10433, 0x1040B},
    {0x10434, 0x1040C, 0x10434, 0x1040C},
    {0x10435, 0x1040D, 0x10435, 0x1040D},
    {0x10436, 0x1040E, 0x10436, 0x1040E},
    {0x10437, 0x1040F, 0x10437, 0x1040F},
    {0x10438, 0x10410, 0x10438, 0x10410},
    {0x10439, 0x10411, 0x10439, 0x10411},
    {0x1043A, 0x10412, 0x1043A, 0x10412},
    {0x1043B, 0x10413, 0x1043B, 0x10413},
    {0x1043C, 0x10414, 0x1043C, 0x10414},
    {0x1043D, 0x10415, 0x1043D, 0x10415},
    {0x1043E, 0x10416, 0x1043E, 0x10416},
    {0x1043F, 0x10417, 0x1043F, 0x10417},
    {0x10440, 0x10418, 0x10440, 0x10418},
    {0x10441, 0x10419, 0x10441, 0x10419},
    {0x10442, 0x1041A, 0x10442, 0x1041A},
    {0x10443, 0x1041B, 0x10443, 0x1041B},
    {0x10444, 0x1041C, 0x10444, 0x1041C},
    {0x10445, 0x1041D, 0x10445, 0x1041D},
    {0x10446, 0x1041E, 0x10446, 0x1041E},
    {0x10447, 0x1041F, 0x10447, 0x1041F},
    {0x10448, 0x10420, 0x10448, 0x10420},
    {0x10449, 0x10421, 0x10449, 0x10421},
    {0x1044A, 0x10422, 0x1044A, 0x10422},
    {0x1044B, 0x10423, 0x1044B, 0x10423},
    {0x1044C, 0x10424, 0x1044C, 0x10424},
    {0x1044D, 0x10425, 0x1044D, 0x10425},
    {0x1044E, 0x10426, 0x1044E, 0x10426},
    {0x1044F, 0x10427, 0x1044F, 0x10427},
    {0x104B0, 0x104B0, 0x104D8, 0x104B0},
    {0x104B1, 0x104B1, 0x104D9, 0x104B1},
    {0x104B2, 0x104B2, 0x104DA, 0x104B2},
    {0x104B3, 0x104B3, 0x104DB, 0x104B3},
    {0x104B4, 0x104B4, 0x104DC, 0x104B4},
    {0x104B5, 0x104B5, 0x104DD, 0x104B5},
    {0x104B6, 0x104B6, 0x104DE, 0x104B6},
    {0x104B7, 0x104B7, 0x104DF, 0x104B7},
    {0x104B8, 0x104B8, 0x104E0, 0x104B8},
    {0x104B9, 0x104B9, 0x104E1, 0x104B9},
    {0x104BA, 0x104BA, 0x104E2, 0x104BA},
    {0x104BB, 0x104BB, 0x104E3, 0x104BB},
    {0x104BC, 0x104BC, 0x104E4, 0x104BC},
    {0x104BD, 0x104BD, 0x104E5, 0x104BD},
    {0x104BE, 0x104BE, 0x104E6, 0x104BE},
    {0x104BF, 0x104BF, 0x104E7, 0x104BF},
    {0x104C0, 0x104C0, 0x104E8, 0x104C0},
    {0x104C1, 0x104C1, 0x104E9, 0x104C1},
    {0x104C2, 0x104C2, 0x104EA, 0x104C2},
    {0x104C3, 0x104C3, 0x104EB, 0x104C3},
    {0x104C4, 0x104C4, 0x104EC, 0x104C4},
    {0x104C5, 0x104C5, 0x104ED, 0x104C5},
    {0x104C6, 0x104C6, 0x104EE, 0x104C6},
    {0x104C7, 0x104C7, 0x104EF, 0x104C7},
    {0x104C8, 0x104C8, 0x104F0, 0x104C8},
    {0x104C9, 0x104C9, 0x104F1, 0x104C9},
    {0x104CA, 0x104CA, 0x104F2, 0x104CA},
    {0x104CB, 0x104CB, 0x104F3, 0x104CB},
    {0x104CC, 0x104CC, 0x104F4, 0x104CC},
    {0x104CD, 0x104CD, 0x104F5, 0x104CD},
    {0x104CE, 0x104CE, 0x104F6, 0x104CE},
    {0x104CF, 0x104CF, 0x104F7, 0x104CF},
    {0x104D0, 0x104D0, 0x104F8, 0x104D0},
    {0x104D1, 0x104D1, 0x104F9, 0x104D1},
    {0x104D2, 0x104D2, 0x104FA, 0x104D2},
    {0x104D3, 0x104D3, 0x104FB, 0x104D3},
    {0x104D8, 0x104B0, 0x104D8, 0x104B0},
    {0x104D9, 0x104B1, 0x104D9, 0x104B1},
    {0x104DA, 0x104B2, 0x104DA, 0x104B2},
    {0x104DB, 0x104B3, 0x104DB, 0x104B3},
    {0x104DC, 0x104B4, 0x104DC, 0x104B4},
    {0x104DD, 0x104B5, 0x104DD, 0x104B5},
    {0x104DE, 0x104B6, 0x104DE, 0x104B6},
    {0x104DF, 0x104B7, 0x104DF, 0x104B7},
    {0x104E0, 0x104B8, 0x104E0, 0x104B8},
    {0x104E1, 0x104B9, 0x104E1, 0x104B9},
    {0x104E2, 0x104BA, 0x104E2, 0x104BA},
    {0x104E3, 0x104BB, 0x104E3, 0x104BB},
    {0x104E4, 0x104BC, 0x104E4, 0x104BC},
    {0x104E5, 0x104BD, 0x104E5, 0x104BD},
    {0x104E6, 0x104BE, 0x104E6, 0x104BE},
    {0x104E7, 0x104BF, 0x104E7, 0x104BF},
    {0x104E8, 0x104C0, 0x104E8, 0x104C0},
    {0x104E9, 0x104C1, 0x104E9, 0x104C1},
    {0x104EA, 0x104C2, 0x104EA, 0x104C2},
    {0x104EB, 0x104C3, 0x104EB, 0x104C3},
    {0x104EC, 0x104C4, 0x104EC, 0x104C4},
    {0x104ED, 0x104C5, 0x104ED, 0x104C5},
    {0x104EE, 0x104C6, 0x104EE, 0x104C6},
    {0x104EF, 0x104C7, 0x104EF, 0x104C7},
    {0x104F0, 0x104C8, 0x104F0, 0x104C8},
    {0x104F1, 0x104C9, 0x104F1, 0x104C9},
    {0x104F2, 0x104CA, 0x104F2, 0x104CA},
    {0x104F3, 0x104CB, 0x104F3, 0x104CB},
    {0x104F4, 0x104CC, 0x104F4, 0x104CC},
    {0x104F5, 0x104CD, 0x104F5, 0x104CD},
    {0x104F6, 0x104CE, 0x104F6, 0x104CE},
    {0x104F7, 0x104CF, 0x104F7, 0x104CF},
    {0x104F8, 0x104D0, 0x104F8, 0x104D0},
    {0x104F9, 0x104D1, 0x104F9, 0x104D1},
    {0x104FA, 0x104D2, 0x104FA, 0x104D2},
    {0x104FB, 0x104D3, 0x104FB, 0x104D3},
    {0x10570, 0x10570, 0x10597, 0x10570},
    {0x10571, 0x10571, 0x10598, 0x10571},
    {0x10572, 0x10572, 0x10599, 0x10572},
    {0x10573, 0x10573, 0x1059A, 0x10573},
    {0x10574, 0x10574, 0x1059B, 0x10574},
    {0x10575, 0x10575, 0x1059C, 0x10575},
    {0x10576, 0x10576, 0x1059D, 0x10576},
    {0x10577, 0x10577, 0x1059E, 0x10577},
    {0x10578, 0x10578, 0x1059F, 0x10578},
    {0x10579, 0x10579, 0x105A0, 0x10579},
    {0x1057A, 0x1057A, 0x105A1, 0x1057A},
    {0x1057C, 0x1057C, 0x105A3, 0x1057C},
    {0x1057D, 0x1057D, 0x105A4, 0x1057D},
    {0x1057E, 0x1057E, 0x105A5, 0x1057E},
    {0x1057F, 0x1057F, 0x105A6, 0x1057F},
    {0x10580, 0x10580, 0x105A7, 0x10580},
    {0x10581, 0x10581, 0x105A8, 0x10581},
    {0x10582, 0x10582, 0x105A9, 0x10582},
    {0x10583, 0x10583, 0x105AA, 0x10583},
    {0x10584, 0x10584, 0x105AB, 0x10584},
    {0x10585, 0x10585, 0x105AC, 0x10585},
    {0x10586, 0x10586, 0x105AD, 0x10586},
    {0x10587, 0x10587, 0x105AE, 0x10587},
    {0x10588, 0x10588, 0x105AF, 0x10588},
    {0x10589, 0x10589, 0x105B0, 0x10589},
    {0x1058A, 0x1058A, 0x105B1, 0x1058A},
    {0x1058C, 0x1058C, 0x105B3, 0x1058C},
    {0x1058D, 0x1058D, 0x105B4, 0x1058D},
    {0x1058E, 0x1058E, 0x105B5, 0x1058E},
    {0x1058F, 0x1058F, 0x105B6, 0x1058F},
    {0x10590, 0x10590, 0x105B7, 0x10590},
    {0x10591, 0x10591, 0x105B8, 0x10591},
    {0x10592, 0x10592, 0x105B9, 0x10592},
    {0x10594, 0x10594, 0x105BB, 0x10594},
    {0x10595, 0x10595, 0x105BC, 0x10595},
    {0x10597, 0x10570, 0x10597, 0x10570},
    {0x10598, 0x10571, 0x10598, 0x10571},
    {0x10599, 0x10572, 0x10599, 0x10572},
    {0x1059A, 0x10573, 0x1059A, 0x10573},
    {0x1059B, 0x10574, 0x1059B, 0x10574},
    {0x1059C, 0x10575, 0x1059C, 0x10575},
    {0x1059D, 0x10576, 0x1059D, 0x10576},
    {0x1059E, 0x10577, 0x1059E, 0x10577},
    {0x1059F, 0x10578, 0x1059F, 0x10578},
    {0x105A0, 0x10579, 0x105A0, 0x10579},
    {0x105A1, 0x1057A, 0x105A1, 0x1057A},
    {0x105A3, 0x1057C, 0x105A3, 0x1057C},
    {0x105A4, 0x1057D, 0x105A4, 0x1057D},
    {0x105A5, 0x1057E, 0x105A5, 0x1057E},
    {0x105A6, 0x1057F, 0x105A6, 0x1057F},
    {0x105A7, 0x10580, 0x105A7, 0x10580},
    {0x105A8, 0x10581, 0x105A8, 0x10581},
    {0x105A9, 0x10582, 0x105A9, 0x10582},
    {0x105AA, 0x10583, 0x105AA, 0x10583},
    {0x105AB, 0x10584, 0x105AB, 0x10584},
    {0x105AC, 0x10585, 0x105AC, 0x10585},
    {0x105AD, 0x10586, 0x105AD, 0x10586},
    {0x105AE, 0x10587, 0x105AE, 0x10587},
    {0x105AF, 0x10588, 0x105AF, 0x10588},
    {0x105B0, 0x10589, 0x105B0, 0x10589},
    {0x105B1, 0x1058A, 0x105B1, 0x1058A},
    {0x105B3, 0x1058C, 0x105B3, 0x1058C},
    {0x105B4, 0x1058D, 0x105B4, 0x1058D},
    {0x105B5, 0x1058E, 0x105B5, 0x1058E},
    {0x105B6, 0x1058F, 0x105B6, 0x1058F},
    {0x105B7, 0x10590, 0x105B7, 0x10590},
    {0x105B8, 0x10591, 0x105B8, 0x10591},
    {0x105B9, 0x10592, 0x105B9, 0x10592},
    {0x105BB, 0x10594, 0x105BB, 0x10594},
    {0x105BC, 0x10595, 0x105BC, 0x10595},
    {0x10C80, 0x10C80, 0x10CC0, 0x10C80},
    {0x10C81, 0x10C81, 0x10CC1, 0x10C81},
    {0x10C82, 0x10C82, 0x10CC2, 0x10C82},
    {0x10C83, 0x10C83, 0x10CC3, 0x10C83},
    {0x10C84, 0x10C84, 0x10CC4, 0x10C84},
    {0x10C85, 0x10C85, 0x10CC5, 0x10C85},
    {0x10C86, 0x10C86, 0x10CC6, 0x10C86},
    {0x10C87, 0x10C87, 0x10CC7, 0x10C87},
    {0x10C88, 0x10C88, 0x10CC8, 0x10C88},
    {0x10C89, 0x10C89, 0x10CC9, 0x10C89},
    {0x10C8A, 0x10C8A, 0x10CCA, 0x10C8A},
    {0x10C8B, 0x10C8B, 0x10CCB, 0x10C8B},
    {0x10C8C, 0x10C8C, 0x10CCC, 0x10C8C},
    {0x10C8D, 0x10C8D, 0x10CCD, 0x10C8D},
    {0x10C8E, 0x10C8E, 0x10CCE, 0x10C8E},
    {0x10C8F, 0x10C8F, 0x10CCF, 0x10C8F},
    {0x10C90, 0x10C90, 0x10CD0, 0x10C90},
    {0x10C91, 0x10C91, 0x10CD1, 0x10C91},
    {0x10C92, 0x10C92, 0x10CD2, 0x10C92},
    {0x10C93, 0x10C93, 0x10CD3, 0x10C93},
    {0x10C94, 0x10C94, 0x10CD4, 0x10C94},
    {0x10C95, 0x10C95, 0x10CD5, 0x10C95},
    {0x10C96, 0x10C96, 0x10CD6, 0x10C96},
    {0x10C97, 0x10C97, 0x10CD7, 0x10C97},
    {0x10C98, 0x10C98, 0x10CD8, 0x10C98},
    {0x10C99, 0x10C99, 0x10CD9, 0x10C99},
    {0x10C9A, 0x10C9A, 0x10CDA, 0x10C9A},
    {0x10C9B, 0x10C9B, 0x10CDB, 0x10C9B},
    {0x10C9C, 0x10C9C, 0x10CDC, 0x10C9C},
    {0x10C9D, 0x10C9D, 0x10CDD, 0x10C9D},
    {0x10C9E, 0x10C9E, 0x10CDE, 0x10C9E},
    {0x10C9F, 0x10C9F, 0x10CDF, 0x10C9F},
    {0x10CA0, 0x10CA0, 0x10CE0, 0x10CA0},
    {0x10CA1, 0x10CA1, 0x10CE1, 0x10CA1},
    {0x10CA2, 0x10CA2, 0x10CE2, 0x10CA2},
    {0x10CA3, 0x10CA3, 0x10CE3, 0x10CA3},
    {0x10CA4, 0x10CA4, 0x10CE4, 0x10CA4},
    {0x10CA5, 0x10CA5, 0x10CE5, 0x10CA5},
    {0x10CA6, 0x10CA6, 0x10CE6, 0x10CA6},
    {0x10CA7, 0x10CA7, 0x10CE7, 0x10CA7},
    {0x10CA8, 0x10CA8, 0x10CE8, 0x10CA8},
    {0x10CA9, 0x10CA9, 0x10CE9, 0x10CA9},
    {0x10CAA, 0x10CAA, 0x10CEA, 0x10CAA},
    {0x10CAB, 0x10CAB, 0x10CEB, 0x10CAB},
    {0x10CAC, 0x10CAC, 0x10CEC, 0x10CAC},
    {0x10CAD, 0x10CAD, 0x10CED, 0x10CAD},
    {0x10CAE, 0x10CAE, 0x10CEE, 0x10CAE},
    {0x10CAF, 0x10CAF, 0x10CEF, 0x10CAF},
    {0x10CB0, 0x10CB0, 0x10CF0, 0x10CB0},
    {0x10CB1, 0x10CB1, 0x10CF1, 0x10CB1},
    {0x10CB2, 0x10CB2, 0x10CF2, 0x10CB2},
    {0x10CC0, 0x10C80, 0x10CC0, 0x10C80},
    {0x10CC1, 0x10C81, 0x10CC1, 0x10C81},
    {0x10CC2, 0x10C82, 0x10CC2, 0x10C82},
    {0x10CC3, 0x10C83, 0x10CC3, 0x10C83},
    {0x10CC4, 0x10C84, 0x10CC4, 0x10C84},
    {0x10CC5, 0x10C85, 0x10CC5, 0x10C85},
    {0x10CC6, 0x10C86, 0x10CC6, 0x10C86},
    {0x10CC7, 0x10C87, 0x10CC7, 0x10C87},
    {0x10CC8, 0x10C88, 0x10CC8, 0x10C88},
    {0x10CC9, 0x10C89, 0x10CC9, 0x10C89},
    {0x10CCA, 0x10C8A, 0x10CCA, 0x10C8A},
    {0x10CCB, 0x10C8B, 0x10CCB, 0x10C8B},
    {0x10CCC, 0x10C8C, 0x10CCC, 0x10C8C},
    {0x10CCD, 0x10C8D, 0x10CCD, 0x10C8D},
    {0x10CCE, 0x10C8E, 0x10CCE, 0x10C8E},
    {0x10CCF, 0x10C8F, 0x10CCF, 0x10C8F},
    {0x10CD0, 0x10C90, 0x10CD0, 0x10C90},
    {0x10CD1, 0x10C91, 0x10CD1, 0x10C91},
    {0x10CD2, 0x10C92, 0x10CD2, 0x10C92},
    {0x10CD3, 0x10C93, 0x10CD3, 0x10C93},
    {0x10CD4, 0x10C94, 0x10CD4, 0x10C94},
    {0x10CD5, 0x10C95, 0x10CD5, 0x10C95},
    {0x10CD6, 0x10C96, 0x10CD6, 0x10C96},
    {0x10CD7, 0x10C97, 0x10CD7, 0x10C97},
    {0x10CD8, 0x10C98, 0x10CD8, 0x10C98},
    {0x10CD9, 0x10C99, 0x10CD9, 0x10C99},
    {0x10CDA, 0x10C9A, 0x10CDA, 0x10C9A},
    {0x10CDB, 0x10C9B, 0x10CDB, 0x10C9B},
    {0x10CDC, 0x10C9C, 0x10CDC, 0x10C9C},
    {0x10CDD, 0x10C9D, 0x10CDD, 0x10C9D},
    {0x10CDE, 0x10C9E, 0x10CDE, 0x10C9E},
    {0x10CDF, 0x10C9F, 0x10CDF, 0x10C9F},
    {0x10CE0, 0x10CA0, 0x10CE0, 0x10CA0},
    {0x10CE1, 0x10CA1, 0x10CE1, 0x10CA1},
    {0x10CE2, 0x10CA2, 0x10CE2, 0x10CA2},
    {0x10CE3, 0x10CA3, 0x10CE3, 0x10CA3},
    {0x10CE4, 0x10CA4, 0x10CE4, 0x10CA4},
    {0x10CE5, 0x10CA5, 0x10CE5, 0x10CA5},
    {0x10CE6, 0x10CA6, 0x10CE6, 0x10CA6},
    {0x10CE7, 0x10CA7, 0x10CE7, 0x10CA7},
    {0x10CE8, 0x10CA8, 0x10CE8, 0x10CA8},
    {0x10CE9, 0x10CA9, 0x10CE9, 0x10CA9},
    {0x10CEA, 0x10CAA, 0x10CEA, 0x10CAA},
    {0x10CEB, 0x10CAB, 0x10CEB, 0x10CAB},
    {0x10CEC, 0x10CAC, 0x10CEC, 0x10CAC},
    {0x10CED, 0x10CAD, 0x10CED, 0x10CAD},
    {0x10CEE, 0x10CAE, 0x10CEE, 0x10CAE},
    {0x10CEF, 0x10CAF, 0x10CEF, 0x10CAF},
    {0x10CF0, 0x10CB0, 0x10CF0, 0x10CB0},
    {0x10CF1, 0x10CB1, 0x10CF1, 0x10CB1},
    {0x10CF2, 0x10CB2, 0x10CF2, 0x10CB2},
    {0x118A0, 0x118A0, 0x118C0, 0x118A0},
    {0x118A1, 0x118A1, 0x118C1, 0x118A1},
    {0x118A2, 0x118A2, 0x118C2, 0x118A2},
    {0x118A3, 0x118A3, 0x118C3, 0x118A3},
    {0x118A4, 0x118A4, 0x118C4, 0x118A4},
    {0x118A5, 0x118A5, 0x118C5, 0x118A5},
    {0x118A6, 0x118A6, 0x118C6, 0x118A6},
    {0x118A7, 0x118A7, 0x118C7, 0x118A7},
    {0x118A8, 0x118A8, 0x118C8, 0x118A8},
    {0x118A9, 0x118A9, 0x118C9, 0x118A9},
    {0x118AA, 0x118AA, 0x118CA, 0x118AA},
    {0x118AB, 0x118AB, 0x118CB, 0x118AB},
    {0x118AC, 0x118AC, 0x118CC, 0x118AC},
    {0x118AD, 0x118AD, 0x118CD, 0x118AD},
    {0x118AE, 0x118AE, 0x118CE, 0x118AE},
    {0x118AF, 0x118AF, 0x118CF, 0x118AF},
    {0x118B0, 0x118B0, 0x118D0, 0x118B0},
    {0x118B1, 0x118B1, 0x118D1, 0x118B1},
    {0x118B2, 0x118B2, 0x118D2, 0x118B2},
    {0x118B3, 0x118B3, 0x118D3, 0x118B3},
    {0x118B4, 0x118B4, 0x118D4, 0x118B4},
    {0x118B5, 0x118B5, 0x118D5, 0x118B5},
    {0x118B6, 0x118B6, 0x118D6, 0x118B6},
    {0x118B7, 0x118B7, 0x118D7, 0x118B7},
    {0x118B8, 0x118B8, 0x118D8, 0x118B8},
    {0x118B9, 0x118B9, 0x118D9, 0x118B9},
    {0x118BA, 0x118BA, 0x118DA, 0x118BA},
    {0x118BB, 0x118BB, 0x118DB, 0x118BB},
    {0x118BC, 0x118BC, 0x118DC, 0x118BC},
    {0x118BD, 0x118BD, 0x118DD, 0x118BD},
    {0x118BE, 0x118BE, 0x118DE, 0x118BE},
    {0x118BF, 0x118BF, 0x118DF, 0x118BF},
    {0x118C0, 0x118A0, 0x118C0, 0x118A0},
    {0x118C1, 0x118A1, 0x118C1, 0x118A1},
    {0x118C2, 0x118A2, 0x118C2, 0x118A2},
    {0x118C3, 0x118A3, 0x118C3, 0x118A3},
    {0x118C4, 0x118A4, 0x118C4, 0x118A4},
    {0x118C5, 0x118A5, 0x118C5, 0x118A5},
    {0x118C6, 0x118A6, 0x118C6, 0x118A6},
    {0x118C7, 0x118A7, 0x118C7, 0x118A7},
    {0x118C8, 0x118A8, 0x118C8, 0x118A8},
    {0x118C9, 0x118A9, 0x118C9, 0x118A9},
    {0x118CA, 0x118AA, 0x118CA, 0x118AA},
    {0x118CB, 0x118AB, 0x118CB, 0x118AB},
    {0x118CC, 0x118AC, 0x118CC, 0x118AC},
    {0x118CD, 0x118AD, 0x118CD, 0x118AD},
    {0x118CE, 0x118AE, 0x118CE, 0x118AE},
    {0x118CF, 0x118AF, 0x118CF, 0x118AF},
    {0x118D0, 0x118B0, 0x118D0, 0x118B0},
    {0x118D1, 0x118B1, 0x118D1, 0x118B1},
    {0x118D2, 0x118B2, 0x118D2, 0x118B2},
    {0x118D3, 0x118B3, 0x118D3, 0x118B3},
    {0x118D4, 0x118B4, 0x118D4, 0x118B4},
    {0x118D5, 0x118B5, 0x118D5, 0x118B5},
    {0x118D6, 0x118B6, 0x118D6, 0x118B6},
    {0x118D7, 0x118B7, 0x118D7, 0x118B7},
    {0x118D8, 0x118B8, 0x118D8, 0x118B8},
    {0x118D9, 0x118B9, 0x118D9, 0x118B9},
    {0x118DA, 0x118BA, 0x118DA, 0x118BA},
    {0x118DB, 0x118BB, 0x118DB, 0x118BB},
    {0x118DC, 0x118BC, 0x118DC, 0x118BC},
    {0x118DD, 0x118BD, 0x118DD, 0x118BD},
    {0x118DE, 0x118BE, 0x118DE, 0x118BE},
    {0x118DF, 0x118BF, 0x118DF, 0x118BF},
    {0x16E40, 0x16E40, 0x16E60, 0x16E40},
    {0x16E41, 0x16E41, 0x16E61, 0x16E41},
    {0x16E42, 0x16E42, 0x16E62, 0x16E42},
    {0x16E43, 0x16E43, 0x16E63, 0x16E43},
    {0x16E44, 0x16E44, 0x16E64, 0x16E44},
    {0x16E45, 0x16E45, 0x16E65, 0x16E45},
    {0x16E46, 0x16E46, 0x16E66, 0x16E46},
    {0x16E47, 0x16E47, 0x16E67, 0x16E47},
    {0x16E48, 0x16E48, 0x16E68, 0x16E48},
    {0x16E49, 0x16E49, 0x16E69, 0x16E49},
    {0x16E4A, 0x16E4A, 0x16E6A, 0x16E4A},
    {0x16E4B, 0x16E4B, 0x16E6B, 0x16E4B},
    {0x16E4C, 0x16E4C, 0x16E6C, 0x16E4C},
    {0x16E4D, 0x16E4D, 0x16E6D, 0x16E4D},
    {0x16E4E, 0x16E4E, 0x16E6E, 0x16E4E},
    {0x16E4F, 0x16E4F, 0x16E6F, 0x16E4F},
    {0x16E50, 0x16E50, 0x16E70, 0x16E50},
    {0x16E51, 0x16E51, 0x16E71, 0x16E51},
    {0x16E52, 0x16E52, 0x16E72, 0x16E52},
    {0x16E53, 0x16E53, 0x16E73, 0x16E53},
    {0x16E54, 0x16E54, 0x16E74, 0x16E54},
    {0x16E55, 0x16E55, 0x16E75, 0x16E55},
    {0x16E56, 0x16E56, 0x16E76, 0x16E56},
    {0x16E57, 0x16E57, 0x16E77, 0x16E57},
    {0x16E58, 0x16E58, 0x16E78, 0x16E58},
    {0x16E59, 0x16E59, 0x16E79, 0x16E59},
    {0x16E5A, 0x16E5A, 0x16E7A, 0x16E5A},
    {0x16E5B, 0x16E5B, 0x16E7B, 0x16E5B},
    {0x16E5C, 0x16E5C, 0x16E7C, 0x16E5C},
    {0x16E5D, 0x16E5D, 0x16E7D, 0x16E5D},
    {0x16E5E, 0x16E5E, 0x16E7E, 0x16E5E},
    {0x16E5F, 0x16E5F, 0x16E7F, 0x16E5F},
    {0x16E60, 0x16E40, 0x16E60, 0x16E40},
    {0x16E61, 0x16E41, 0x16E61, 0x16E41},
    {0x16E62, 0x16E42, 0x16E62, 0x16E42},
    {0x16E63, 0x16E43, 0x16E63, 0x16E43},
    {0x16E64, 0x16E44, 0x16E64, 0x16E44},
    {0x16E65, 0x16E45, 0x16E65, 0x16E45},
    {0x16E66, 0x16E46, 0x16E66, 0x16E46},
    {0x16E67, 0x16E47, 0x16E67, 0x16E47},
    {0x16E68, 0x16E48, 0x16E68, 0x16E48},
    {0x16E69, 0x16E49, 0x16E69, 0x16E49},
    {0x16E6A, 0x16E4A, 0x16E6A, 0x16E4A},
    {0x16E6B, 0x16E4B, 0x16E6B, 0x16E4B},
    {0x16E6C, 0x16E4C, 0x16E6C, 0x16E4C},
    {0x16E6D, 0x16E4D, 0x16E6D, 0x16E4D},
    {0x16E6E, 0x16E4E, 0x16E6E, 0x16E4E},
    {0x16E6F, 0x16E4F, 0x16E6F, 0x16E4F},
    {0x16E70, 0x16E50, 0x16E70, 0x16E50},
    {0x16E71, 0x16E51, 0x16E71, 0x16E51},
    {0x16E72, 0x16E52, 0x16E72, 0x16E52},
    {0x16E73, 0x16E53, 0x16E73, 0x16E53},
    {0x16E74, 0x16E54, 0x16E74, 0x16E54},
    {0x16E75, 0x16E55, 0x16E75, 0x16E55},
    {0x16E76, 0x16E56, 0x16E76, 0x16E56},
    {0x16E77, 0x16E57, 0x16E77, 0x16E57},
    {0x16E78, 0x16E58, 0x16E78, 0x16E58},
    {0x16E79, 0x16E59, 0x16E79, 0x16E59},
    {0x16E7A, 0x16E5A, 0x16E7A, 0x16E5A},
    {0x16E7B, 0x16E5B, 0x16E7B, 0x16E5B},
    {0x16E7C, 0x16E5C, 0x16E7C, 0x16E5C},
    {0x16E7D, 0x16E5D, 0x16E7D, 0x16E5D},
    {0x16E7E, 0x16E5E, 0x16E7E, 0x16E5E},
    {0x16E7F, 0x16E5F, 0x16E7F, 0x16E5F},
    {0x1E900, 0x1E900, 0x1E922, 0x1E900},
    {0x1E901, 0x1E901, 0x1E923, 0x1E901},
    {0x1E902, 0x1E902, 0x1E924, 0x1E902},
    {0x1E903, 0x1E903, 0x1E925, 0x1E903},
    {0x1E904, 0x1E904, 0x1E926, 0x1E904},
    {0x1E905, 0x1E905, 0x1E927, 0x1E905},
    {0x1E906, 0x1E906, 0x1E928, 0x1E906},
    {0x1E907, 0x1E907, 0x1E929, 0x1E907},
    {0x1E908, 0x1E908, 0x1E92A, 0x1E908},
    {0x1E909, 0x1E909, 0x1E92B, 0x1E909},
    {0x1E90A, 0x1E90A, 0x1E92C, 0x1E90A},
    {0x1E90B, 0x1E90B, 0x1E92D, 0x1E90B},
    {0x1E90C, 0x1E90C, 0x1E92E, 0x1E90C},
    {0x1E90D, 0x1E90D, 0x1E92F, 0x1E90D},
    {0x1E90E, 0x1E90E, 0x1E930, 0x1E90E},
    {0x1E90F, 0x1E90F, 0x1E931, 0x1E90F},
    {0x1E910, 0x1E910, 0x1E932, 0x1E910},
    {0x1E911, 0x1E911, 0x1E933, 0x1E911},
    {0x1E912, 0x1E912, 0x1E934, 0x1E912},
    {0x1E913, 0x1E913, 0x1E935, 0x1E913},
    {0x1E914, 0x1E914, 0x1E936, 0x1E914},
    {0x1E915, 0x1E915, 0x1E937, 0x1E915},
    {0x1E916, 0x1E916, 0x1E938, 0x1E916},
    {0x1E917, 0x1E917, 0x1E939, 0x1E917},
    {0x1E918, 0x1E918, 0x1E93A, 0x1E918},
    {0x1E919, 0x1E919, 0x1E93B, 0x1E919},
    {0x1E91A, 0x1E91A, 0x1E93C, 0x1E91A},
    {0x1E91B, 0x1E91B, 0x1E93D, 0x1E91B},
    {0x1E91C, 0x1E91C, 0x1E93E, 0x1E91C},
    {0x1E91D, 0x1E91D, 0x1E93F, 0x1E91D},
    {0x1E91E, 0x1E91E, 0x1E940, 0x1E91E},
    {0x1E91F, 0x1E91F, 0x1E941, 0x1E91F},
    {0x1E920, 0x1E920, 0x1E942, 0x1E920},
    {0x1E921, 0x1E921, 0x1E943, 0x1E921},
    {0x1E922, 0x1E900, 0x1E922, 0x1E900},
    {0x1E923, 0x1E901, 0x1E923, 0x1E901},
    {0x1E924, 0x1E902, 0x1E924, 0x1E902},
    {0x1E925, 0x1E903, 0x1E925, 0x1E903},
    {0x1E926, 0x1E904, 0x1E926, 0x1E904},
    {0x1E927, 0x1E905, 0x1E927, 0x1E905},
    {0x1E928, 0x1E906, 0x1E928, 0x1E906},
    {0x1E929, 0x1E907, 0x1E929, 0x1E907},
    {0x1E92A, 0x1E908, 0x1E92A, 0x1E908},
    {0x1E92B, 0x1E909, 0x1E92B, 0x1E909},
    {0x1E92C, 0x1E90A, 0x1E92C, 0x1E90A},
    {0x1E92D, 0x1E90B, 0x1E92D, 0x1E90B},
    {0x1E92E, 0x1E90C, 0x1E92E, 0x1E90C},
    {0x1E92F, 0x1E90D, 0x1E92F, 0x1E90D},
    {0x1E930, 0x1E90E, 0x1E930, 0x1E90E},
    {0x1E931, 0x1E90F, 0x1E931, 0x1E90F},
    {0x1E932, 0x1E910, 0x1E932, 0x1E910},
    {0x1E933, 0x1E911, 0x1E933, 0x1E911},
    {0x1E934, 0x1E912, 0x1E934, 0x1E912},
    {0x1E935, 0x1E913, 0x1E935, 0x1E913},
    {0x1E936, 0x1E914, 0x1E936, 0x1E914},
    {0x1E937, 0x1E915, 0x1E937, 0x1E915},
    {0x1E938, 0x1E916, 0x1E938, 0x1E916},
    {0x1E939, 0x1E917, 0x1E939, 0x1E917},
    {0x1E93A, 0x1E918, 0x1E93A, 0x1E918},
    {0x1E93B, 0x1E919, 0x1E93B, 0x1E919},
    {0x1E93C, 0x1E91A, 0x1E93C, 0x1E91A},
    {0x1E93D, 0x1E91B, 0x1E93D, 0x1E91B},
    {0x1E93E, 0x1E91C, 0x1E93E, 0x1E91C},
    {0x1E93F, 0x1E91D, 0x1E93F, 0x1E91D},
    {0x1E940, 0x1E91E, 0x1E940, 0x1E91E},
    {0x1E941, 0x1E91F, 0x1E941, 0x1E91F},
    {0x1E942, 0x1E920, 0x1E942, 0x1E920},
    {0x1E943, 0x1E921, 0x1E943, 0x1E921}
};
#define NCI_CASE_MAP_N 2879

static const nci_ur16 nci_letter_r16[] = {
    {0x0041, 0x005A, 1},
    {0x0061, 0x007A, 1},
    {0x00AA, 0x00AA, 1},
    {0x00B5, 0x00B5, 1},
    {0x00BA, 0x00BA, 1},
    {0x00C0, 0x00D6, 1},
    {0x00D8, 0x00F6, 1},
    {0x00F8, 0x02C1, 1},
    {0x02C6, 0x02D1, 1},
    {0x02E0, 0x02E4, 1},
    {0x02EC, 0x02EC, 1},
    {0x02EE, 0x02EE, 1},
    {0x0370, 0x0374, 1},
    {0x0376, 0x0377, 1},
    {0x037A, 0x037D, 1},
    {0x037F, 0x037F, 1},
    {0x0386, 0x0386, 1},
    {0x0388, 0x038A, 1},
    {0x038C, 0x038C, 1},
    {0x038E, 0x03A1, 1},
    {0x03A3, 0x03F5, 1},
    {0x03F7, 0x0481, 1},
    {0x048A, 0x052F, 1},
    {0x0531, 0x0556, 1},
    {0x0559, 0x0559, 1},
    {0x0560, 0x0588, 1},
    {0x05D0, 0x05EA, 1},
    {0x05EF, 0x05F2, 1},
    {0x0620, 0x064A, 1},
    {0x066E, 0x066F, 1},
    {0x0671, 0x06D3, 1},
    {0x06D5, 0x06D5, 1},
    {0x06E5, 0x06E6, 1},
    {0x06EE, 0x06EF, 1},
    {0x06FA, 0x06FC, 1},
    {0x06FF, 0x06FF, 1},
    {0x0710, 0x0710, 1},
    {0x0712, 0x072F, 1},
    {0x074D, 0x07A5, 1},
    {0x07B1, 0x07B1, 1},
    {0x07CA, 0x07EA, 1},
    {0x07F4, 0x07F5, 1},
    {0x07FA, 0x07FA, 1},
    {0x0800, 0x0815, 1},
    {0x081A, 0x081A, 1},
    {0x0824, 0x0824, 1},
    {0x0828, 0x0828, 1},
    {0x0840, 0x0858, 1},
    {0x0860, 0x086A, 1},
    {0x0870, 0x0887, 1},
    {0x0889, 0x088E, 1},
    {0x08A0, 0x08C9, 1},
    {0x0904, 0x0939, 1},
    {0x093D, 0x093D, 1},
    {0x0950, 0x0950, 1},
    {0x0958, 0x0961, 1},
    {0x0971, 0x0980, 1},
    {0x0985, 0x098C, 1},
    {0x098F, 0x0990, 1},
    {0x0993, 0x09A8, 1},
    {0x09AA, 0x09B0, 1},
    {0x09B2, 0x09B2, 1},
    {0x09B6, 0x09B9, 1},
    {0x09BD, 0x09BD, 1},
    {0x09CE, 0x09CE, 1},
    {0x09DC, 0x09DD, 1},
    {0x09DF, 0x09E1, 1},
    {0x09F0, 0x09F1, 1},
    {0x09FC, 0x09FC, 1},
    {0x0A05, 0x0A0A, 1},
    {0x0A0F, 0x0A10, 1},
    {0x0A13, 0x0A28, 1},
    {0x0A2A, 0x0A30, 1},
    {0x0A32, 0x0A33, 1},
    {0x0A35, 0x0A36, 1},
    {0x0A38, 0x0A39, 1},
    {0x0A59, 0x0A5C, 1},
    {0x0A5E, 0x0A5E, 1},
    {0x0A72, 0x0A74, 1},
    {0x0A85, 0x0A8D, 1},
    {0x0A8F, 0x0A91, 1},
    {0x0A93, 0x0AA8, 1},
    {0x0AAA, 0x0AB0, 1},
    {0x0AB2, 0x0AB3, 1},
    {0x0AB5, 0x0AB9, 1},
    {0x0ABD, 0x0ABD, 1},
    {0x0AD0, 0x0AD0, 1},
    {0x0AE0, 0x0AE1, 1},
    {0x0AF9, 0x0AF9, 1},
    {0x0B05, 0x0B0C, 1},
    {0x0B0F, 0x0B10, 1},
    {0x0B13, 0x0B28, 1},
    {0x0B2A, 0x0B30, 1},
    {0x0B32, 0x0B33, 1},
    {0x0B35, 0x0B39, 1},
    {0x0B3D, 0x0B3D, 1},
    {0x0B5C, 0x0B5D, 1},
    {0x0B5F, 0x0B61, 1},
    {0x0B71, 0x0B71, 1},
    {0x0B83, 0x0B83, 1},
    {0x0B85, 0x0B8A, 1},
    {0x0B8E, 0x0B90, 1},
    {0x0B92, 0x0B95, 1},
    {0x0B99, 0x0B9A, 1},
    {0x0B9C, 0x0B9C, 1},
    {0x0B9E, 0x0B9F, 1},
    {0x0BA3, 0x0BA4, 1},
    {0x0BA8, 0x0BAA, 1},
    {0x0BAE, 0x0BB9, 1},
    {0x0BD0, 0x0BD0, 1},
    {0x0C05, 0x0C0C, 1},
    {0x0C0E, 0x0C10, 1},
    {0x0C12, 0x0C28, 1},
    {0x0C2A, 0x0C39, 1},
    {0x0C3D, 0x0C3D, 1},
    {0x0C58, 0x0C5A, 1},
    {0x0C5D, 0x0C5D, 1},
    {0x0C60, 0x0C61, 1},
    {0x0C80, 0x0C80, 1},
    {0x0C85, 0x0C8C, 1},
    {0x0C8E, 0x0C90, 1},
    {0x0C92, 0x0CA8, 1},
    {0x0CAA, 0x0CB3, 1},
    {0x0CB5, 0x0CB9, 1},
    {0x0CBD, 0x0CBD, 1},
    {0x0CDD, 0x0CDE, 1},
    {0x0CE0, 0x0CE1, 1},
    {0x0CF1, 0x0CF2, 1},
    {0x0D04, 0x0D0C, 1},
    {0x0D0E, 0x0D10, 1},
    {0x0D12, 0x0D3A, 1},
    {0x0D3D, 0x0D3D, 1},
    {0x0D4E, 0x0D4E, 1},
    {0x0D54, 0x0D56, 1},
    {0x0D5F, 0x0D61, 1},
    {0x0D7A, 0x0D7F, 1},
    {0x0D85, 0x0D96, 1},
    {0x0D9A, 0x0DB1, 1},
    {0x0DB3, 0x0DBB, 1},
    {0x0DBD, 0x0DBD, 1},
    {0x0DC0, 0x0DC6, 1},
    {0x0E01, 0x0E30, 1},
    {0x0E32, 0x0E33, 1},
    {0x0E40, 0x0E46, 1},
    {0x0E81, 0x0E82, 1},
    {0x0E84, 0x0E84, 1},
    {0x0E86, 0x0E8A, 1},
    {0x0E8C, 0x0EA3, 1},
    {0x0EA5, 0x0EA5, 1},
    {0x0EA7, 0x0EB0, 1},
    {0x0EB2, 0x0EB3, 1},
    {0x0EBD, 0x0EBD, 1},
    {0x0EC0, 0x0EC4, 1},
    {0x0EC6, 0x0EC6, 1},
    {0x0EDC, 0x0EDF, 1},
    {0x0F00, 0x0F00, 1},
    {0x0F40, 0x0F47, 1},
    {0x0F49, 0x0F6C, 1},
    {0x0F88, 0x0F8C, 1},
    {0x1000, 0x102A, 1},
    {0x103F, 0x103F, 1},
    {0x1050, 0x1055, 1},
    {0x105A, 0x105D, 1},
    {0x1061, 0x1061, 1},
    {0x1065, 0x1066, 1},
    {0x106E, 0x1070, 1},
    {0x1075, 0x1081, 1},
    {0x108E, 0x108E, 1},
    {0x10A0, 0x10C5, 1},
    {0x10C7, 0x10C7, 1},
    {0x10CD, 0x10CD, 1},
    {0x10D0, 0x10FA, 1},
    {0x10FC, 0x1248, 1},
    {0x124A, 0x124D, 1},
    {0x1250, 0x1256, 1},
    {0x1258, 0x1258, 1},
    {0x125A, 0x125D, 1},
    {0x1260, 0x1288, 1},
    {0x128A, 0x128D, 1},
    {0x1290, 0x12B0, 1},
    {0x12B2, 0x12B5, 1},
    {0x12B8, 0x12BE, 1},
    {0x12C0, 0x12C0, 1},
    {0x12C2, 0x12C5, 1},
    {0x12C8, 0x12D6, 1},
    {0x12D8, 0x1310, 1},
    {0x1312, 0x1315, 1},
    {0x1318, 0x135A, 1},
    {0x1380, 0x138F, 1},
    {0x13A0, 0x13F5, 1},
    {0x13F8, 0x13FD, 1},
    {0x1401, 0x166C, 1},
    {0x166F, 0x167F, 1},
    {0x1681, 0x169A, 1},
    {0x16A0, 0x16EA, 1},
    {0x16F1, 0x16F8, 1},
    {0x1700, 0x1711, 1},
    {0x171F, 0x1731, 1},
    {0x1740, 0x1751, 1},
    {0x1760, 0x176C, 1},
    {0x176E, 0x1770, 1},
    {0x1780, 0x17B3, 1},
    {0x17D7, 0x17D7, 1},
    {0x17DC, 0x17DC, 1},
    {0x1820, 0x1878, 1},
    {0x1880, 0x1884, 1},
    {0x1887, 0x18A8, 1},
    {0x18AA, 0x18AA, 1},
    {0x18B0, 0x18F5, 1},
    {0x1900, 0x191E, 1},
    {0x1950, 0x196D, 1},
    {0x1970, 0x1974, 1},
    {0x1980, 0x19AB, 1},
    {0x19B0, 0x19C9, 1},
    {0x1A00, 0x1A16, 1},
    {0x1A20, 0x1A54, 1},
    {0x1AA7, 0x1AA7, 1},
    {0x1B05, 0x1B33, 1},
    {0x1B45, 0x1B4C, 1},
    {0x1B83, 0x1BA0, 1},
    {0x1BAE, 0x1BAF, 1},
    {0x1BBA, 0x1BE5, 1},
    {0x1C00, 0x1C23, 1},
    {0x1C4D, 0x1C4F, 1},
    {0x1C5A, 0x1C7D, 1},
    {0x1C80, 0x1C88, 1},
    {0x1C90, 0x1CBA, 1},
    {0x1CBD, 0x1CBF, 1},
    {0x1CE9, 0x1CEC, 1},
    {0x1CEE, 0x1CF3, 1},
    {0x1CF5, 0x1CF6, 1},
    {0x1CFA, 0x1CFA, 1},
    {0x1D00, 0x1DBF, 1},
    {0x1E00, 0x1F15, 1},
    {0x1F18, 0x1F1D, 1},
    {0x1F20, 0x1F45, 1},
    {0x1F48, 0x1F4D, 1},
    {0x1F50, 0x1F57, 1},
    {0x1F59, 0x1F59, 1},
    {0x1F5B, 0x1F5B, 1},
    {0x1F5D, 0x1F5D, 1},
    {0x1F5F, 0x1F7D, 1},
    {0x1F80, 0x1FB4, 1},
    {0x1FB6, 0x1FBC, 1},
    {0x1FBE, 0x1FBE, 1},
    {0x1FC2, 0x1FC4, 1},
    {0x1FC6, 0x1FCC, 1},
    {0x1FD0, 0x1FD3, 1},
    {0x1FD6, 0x1FDB, 1},
    {0x1FE0, 0x1FEC, 1},
    {0x1FF2, 0x1FF4, 1},
    {0x1FF6, 0x1FFC, 1},
    {0x2071, 0x2071, 1},
    {0x207F, 0x207F, 1},
    {0x2090, 0x209C, 1},
    {0x2102, 0x2102, 1},
    {0x2107, 0x2107, 1},
    {0x210A, 0x2113, 1},
    {0x2115, 0x2115, 1},
    {0x2119, 0x211D, 1},
    {0x2124, 0x2124, 1},
    {0x2126, 0x2126, 1},
    {0x2128, 0x2128, 1},
    {0x212A, 0x212D, 1},
    {0x212F, 0x2139, 1},
    {0x213C, 0x213F, 1},
    {0x2145, 0x2149, 1},
    {0x214E, 0x214E, 1},
    {0x2183, 0x2184, 1},
    {0x2C00, 0x2CE4, 1},
    {0x2CEB, 0x2CEE, 1},
    {0x2CF2, 0x2CF3, 1},
    {0x2D00, 0x2D25, 1},
    {0x2D27, 0x2D27, 1},
    {0x2D2D, 0x2D2D, 1},
    {0x2D30, 0x2D67, 1},
    {0x2D6F, 0x2D6F, 1},
    {0x2D80, 0x2D96, 1},
    {0x2DA0, 0x2DA6, 1},
    {0x2DA8, 0x2DAE, 1},
    {0x2DB0, 0x2DB6, 1},
    {0x2DB8, 0x2DBE, 1},
    {0x2DC0, 0x2DC6, 1},
    {0x2DC8, 0x2DCE, 1},
    {0x2DD0, 0x2DD6, 1},
    {0x2DD8, 0x2DDE, 1},
    {0x2E2F, 0x2E2F, 1},
    {0x3005, 0x3006, 1},
    {0x3031, 0x3035, 1},
    {0x303B, 0x303C, 1},
    {0x3041, 0x3096, 1},
    {0x309D, 0x309F, 1},
    {0x30A1, 0x30FA, 1},
    {0x30FC, 0x30FF, 1},
    {0x3105, 0x312F, 1},
    {0x3131, 0x318E, 1},
    {0x31A0, 0x31BF, 1},
    {0x31F0, 0x31FF, 1},
    {0x3400, 0x4DBF, 1},
    {0x4E00, 0xA48C, 1},
    {0xA4D0, 0xA4FD, 1},
    {0xA500, 0xA60C, 1},
    {0xA610, 0xA61F, 1},
    {0xA62A, 0xA62B, 1},
    {0xA640, 0xA66E, 1},
    {0xA67F, 0xA69D, 1},
    {0xA6A0, 0xA6E5, 1},
    {0xA717, 0xA71F, 1},
    {0xA722, 0xA788, 1},
    {0xA78B, 0xA7CA, 1},
    {0xA7D0, 0xA7D1, 1},
    {0xA7D3, 0xA7D3, 1},
    {0xA7D5, 0xA7D9, 1},
    {0xA7F2, 0xA801, 1},
    {0xA803, 0xA805, 1},
    {0xA807, 0xA80A, 1},
    {0xA80C, 0xA822, 1},
    {0xA840, 0xA873, 1},
    {0xA882, 0xA8B3, 1},
    {0xA8F2, 0xA8F7, 1},
    {0xA8FB, 0xA8FB, 1},
    {0xA8FD, 0xA8FE, 1},
    {0xA90A, 0xA925, 1},
    {0xA930, 0xA946, 1},
    {0xA960, 0xA97C, 1},
    {0xA984, 0xA9B2, 1},
    {0xA9CF, 0xA9CF, 1},
    {0xA9E0, 0xA9E4, 1},
    {0xA9E6, 0xA9EF, 1},
    {0xA9FA, 0xA9FE, 1},
    {0xAA00, 0xAA28, 1},
    {0xAA40, 0xAA42, 1},
    {0xAA44, 0xAA4B, 1},
    {0xAA60, 0xAA76, 1},
    {0xAA7A, 0xAA7A, 1},
    {0xAA7E, 0xAAAF, 1},
    {0xAAB1, 0xAAB1, 1},
    {0xAAB5, 0xAAB6, 1},
    {0xAAB9, 0xAABD, 1},
    {0xAAC0, 0xAAC0, 1},
    {0xAAC2, 0xAAC2, 1},
    {0xAADB, 0xAADD, 1},
    {0xAAE0, 0xAAEA, 1},
    {0xAAF2, 0xAAF4, 1},
    {0xAB01, 0xAB06, 1},
    {0xAB09, 0xAB0E, 1},
    {0xAB11, 0xAB16, 1},
    {0xAB20, 0xAB26, 1},
    {0xAB28, 0xAB2E, 1},
    {0xAB30, 0xAB5A, 1},
    {0xAB5C, 0xAB69, 1},
    {0xAB70, 0xABE2, 1},
    {0xAC00, 0xD7A3, 1},
    {0xD7B0, 0xD7C6, 1},
    {0xD7CB, 0xD7FB, 1},
    {0xF900, 0xFA6D, 1},
    {0xFA70, 0xFAD9, 1},
    {0xFB00, 0xFB06, 1},
    {0xFB13, 0xFB17, 1},
    {0xFB1D, 0xFB1D, 1},
    {0xFB1F, 0xFB28, 1},
    {0xFB2A, 0xFB36, 1},
    {0xFB38, 0xFB3C, 1},
    {0xFB3E, 0xFB3E, 1},
    {0xFB40, 0xFB41, 1},
    {0xFB43, 0xFB44, 1},
    {0xFB46, 0xFBB1, 1},
    {0xFBD3, 0xFD3D, 1},
    {0xFD50, 0xFD8F, 1},
    {0xFD92, 0xFDC7, 1},
    {0xFDF0, 0xFDFB, 1},
    {0xFE70, 0xFE74, 1},
    {0xFE76, 0xFEFC, 1},
    {0xFF21, 0xFF3A, 1},
    {0xFF41, 0xFF5A, 1},
    {0xFF66, 0xFFBE, 1},
    {0xFFC2, 0xFFC7, 1},
    {0xFFCA, 0xFFCF, 1},
    {0xFFD2, 0xFFD7, 1},
    {0xFFDA, 0xFFDC, 1}
};
static const nci_ur32 nci_letter_r32[] = {
    {0x10000, 0x1000B, 1},
    {0x1000D, 0x10026, 1},
    {0x10028, 0x1003A, 1},
    {0x1003C, 0x1003D, 1},
    {0x1003F, 0x1004D, 1},
    {0x10050, 0x1005D, 1},
    {0x10080, 0x100FA, 1},
    {0x10280, 0x1029C, 1},
    {0x102A0, 0x102D0, 1},
    {0x10300, 0x1031F, 1},
    {0x1032D, 0x10340, 1},
    {0x10342, 0x10349, 1},
    {0x10350, 0x10375, 1},
    {0x10380, 0x1039D, 1},
    {0x103A0, 0x103C3, 1},
    {0x103C8, 0x103CF, 1},
    {0x10400, 0x1049D, 1},
    {0x104B0, 0x104D3, 1},
    {0x104D8, 0x104FB, 1},
    {0x10500, 0x10527, 1},
    {0x10530, 0x10563, 1},
    {0x10570, 0x1057A, 1},
    {0x1057C, 0x1058A, 1},
    {0x1058C, 0x10592, 1},
    {0x10594, 0x10595, 1},
    {0x10597, 0x105A1, 1},
    {0x105A3, 0x105B1, 1},
    {0x105B3, 0x105B9, 1},
    {0x105BB, 0x105BC, 1},
    {0x10600, 0x10736, 1},
    {0x10740, 0x10755, 1},
    {0x10760, 0x10767, 1},
    {0x10780, 0x10785, 1},
    {0x10787, 0x107B0, 1},
    {0x107B2, 0x107BA, 1},
    {0x10800, 0x10805, 1},
    {0x10808, 0x10808, 1},
    {0x1080A, 0x10835, 1},
    {0x10837, 0x10838, 1},
    {0x1083C, 0x1083C, 1},
    {0x1083F, 0x10855, 1},
    {0x10860, 0x10876, 1},
    {0x10880, 0x1089E, 1},
    {0x108E0, 0x108F2, 1},
    {0x108F4, 0x108F5, 1},
    {0x10900, 0x10915, 1},
    {0x10920, 0x10939, 1},
    {0x10980, 0x109B7, 1},
    {0x109BE, 0x109BF, 1},
    {0x10A00, 0x10A00, 1},
    {0x10A10, 0x10A13, 1},
    {0x10A15, 0x10A17, 1},
    {0x10A19, 0x10A35, 1},
    {0x10A60, 0x10A7C, 1},
    {0x10A80, 0x10A9C, 1},
    {0x10AC0, 0x10AC7, 1},
    {0x10AC9, 0x10AE4, 1},
    {0x10B00, 0x10B35, 1},
    {0x10B40, 0x10B55, 1},
    {0x10B60, 0x10B72, 1},
    {0x10B80, 0x10B91, 1},
    {0x10C00, 0x10C48, 1},
    {0x10C80, 0x10CB2, 1},
    {0x10CC0, 0x10CF2, 1},
    {0x10D00, 0x10D23, 1},
    {0x10E80, 0x10EA9, 1},
    {0x10EB0, 0x10EB1, 1},
    {0x10F00, 0x10F1C, 1},
    {0x10F27, 0x10F27, 1},
    {0x10F30, 0x10F45, 1},
    {0x10F70, 0x10F81, 1},
    {0x10FB0, 0x10FC4, 1},
    {0x10FE0, 0x10FF6, 1},
    {0x11003, 0x11037, 1},
    {0x11071, 0x11072, 1},
    {0x11075, 0x11075, 1},
    {0x11083, 0x110AF, 1},
    {0x110D0, 0x110E8, 1},
    {0x11103, 0x11126, 1},
    {0x11144, 0x11144, 1},
    {0x11147, 0x11147, 1},
    {0x11150, 0x11172, 1},
    {0x11176, 0x11176, 1},
    {0x11183, 0x111B2, 1},
    {0x111C1, 0x111C4, 1},
    {0x111DA, 0x111DA, 1},
    {0x111DC, 0x111DC, 1},
    {0x11200, 0x11211, 1},
    {0x11213, 0x1122B, 1},
    {0x1123F, 0x11240, 1},
    {0x11280, 0x11286, 1},
    {0x11288, 0x11288, 1},
    {0x1128A, 0x1128D, 1},
    {0x1128F, 0x1129D, 1},
    {0x1129F, 0x112A8, 1},
    {0x112B0, 0x112DE, 1},
    {0x11305, 0x1130C, 1},
    {0x1130F, 0x11310, 1},
    {0x11313, 0x11328, 1},
    {0x1132A, 0x11330, 1},
    {0x11332, 0x11333, 1},
    {0x11335, 0x11339, 1},
    {0x1133D, 0x1133D, 1},
    {0x11350, 0x11350, 1},
    {0x1135D, 0x11361, 1},
    {0x11400, 0x11434, 1},
    {0x11447, 0x1144A, 1},
    {0x1145F, 0x11461, 1},
    {0x11480, 0x114AF, 1},
    {0x114C4, 0x114C5, 1},
    {0x114C7, 0x114C7, 1},
    {0x11580, 0x115AE, 1},
    {0x115D8, 0x115DB, 1},
    {0x11600, 0x1162F, 1},
    {0x11644, 0x11644, 1},
    {0x11680, 0x116AA, 1},
    {0x116B8, 0x116B8, 1},
    {0x11700, 0x1171A, 1},
    {0x11740, 0x11746, 1},
    {0x11800, 0x1182B, 1},
    {0x118A0, 0x118DF, 1},
    {0x118FF, 0x11906, 1},
    {0x11909, 0x11909, 1},
    {0x1190C, 0x11913, 1},
    {0x11915, 0x11916, 1},
    {0x11918, 0x1192F, 1},
    {0x1193F, 0x1193F, 1},
    {0x11941, 0x11941, 1},
    {0x119A0, 0x119A7, 1},
    {0x119AA, 0x119D0, 1},
    {0x119E1, 0x119E1, 1},
    {0x119E3, 0x119E3, 1},
    {0x11A00, 0x11A00, 1},
    {0x11A0B, 0x11A32, 1},
    {0x11A3A, 0x11A3A, 1},
    {0x11A50, 0x11A50, 1},
    {0x11A5C, 0x11A89, 1},
    {0x11A9D, 0x11A9D, 1},
    {0x11AB0, 0x11AF8, 1},
    {0x11C00, 0x11C08, 1},
    {0x11C0A, 0x11C2E, 1},
    {0x11C40, 0x11C40, 1},
    {0x11C72, 0x11C8F, 1},
    {0x11D00, 0x11D06, 1},
    {0x11D08, 0x11D09, 1},
    {0x11D0B, 0x11D30, 1},
    {0x11D46, 0x11D46, 1},
    {0x11D60, 0x11D65, 1},
    {0x11D67, 0x11D68, 1},
    {0x11D6A, 0x11D89, 1},
    {0x11D98, 0x11D98, 1},
    {0x11EE0, 0x11EF2, 1},
    {0x11F02, 0x11F02, 1},
    {0x11F04, 0x11F10, 1},
    {0x11F12, 0x11F33, 1},
    {0x11FB0, 0x11FB0, 1},
    {0x12000, 0x12399, 1},
    {0x12480, 0x12543, 1},
    {0x12F90, 0x12FF0, 1},
    {0x13000, 0x1342F, 1},
    {0x13441, 0x13446, 1},
    {0x14400, 0x14646, 1},
    {0x16800, 0x16A38, 1},
    {0x16A40, 0x16A5E, 1},
    {0x16A70, 0x16ABE, 1},
    {0x16AD0, 0x16AED, 1},
    {0x16B00, 0x16B2F, 1},
    {0x16B40, 0x16B43, 1},
    {0x16B63, 0x16B77, 1},
    {0x16B7D, 0x16B8F, 1},
    {0x16E40, 0x16E7F, 1},
    {0x16F00, 0x16F4A, 1},
    {0x16F50, 0x16F50, 1},
    {0x16F93, 0x16F9F, 1},
    {0x16FE0, 0x16FE1, 1},
    {0x16FE3, 0x16FE3, 1},
    {0x17000, 0x187F7, 1},
    {0x18800, 0x18CD5, 1},
    {0x18D00, 0x18D08, 1},
    {0x1AFF0, 0x1AFF3, 1},
    {0x1AFF5, 0x1AFFB, 1},
    {0x1AFFD, 0x1AFFE, 1},
    {0x1B000, 0x1B122, 1},
    {0x1B132, 0x1B132, 1},
    {0x1B150, 0x1B152, 1},
    {0x1B155, 0x1B155, 1},
    {0x1B164, 0x1B167, 1},
    {0x1B170, 0x1B2FB, 1},
    {0x1BC00, 0x1BC6A, 1},
    {0x1BC70, 0x1BC7C, 1},
    {0x1BC80, 0x1BC88, 1},
    {0x1BC90, 0x1BC99, 1},
    {0x1D400, 0x1D454, 1},
    {0x1D456, 0x1D49C, 1},
    {0x1D49E, 0x1D49F, 1},
    {0x1D4A2, 0x1D4A2, 1},
    {0x1D4A5, 0x1D4A6, 1},
    {0x1D4A9, 0x1D4AC, 1},
    {0x1D4AE, 0x1D4B9, 1},
    {0x1D4BB, 0x1D4BB, 1},
    {0x1D4BD, 0x1D4C3, 1},
    {0x1D4C5, 0x1D505, 1},
    {0x1D507, 0x1D50A, 1},
    {0x1D50D, 0x1D514, 1},
    {0x1D516, 0x1D51C, 1},
    {0x1D51E, 0x1D539, 1},
    {0x1D53B, 0x1D53E, 1},
    {0x1D540, 0x1D544, 1},
    {0x1D546, 0x1D546, 1},
    {0x1D54A, 0x1D550, 1},
    {0x1D552, 0x1D6A5, 1},
    {0x1D6A8, 0x1D6C0, 1},
    {0x1D6C2, 0x1D6DA, 1},
    {0x1D6DC, 0x1D6FA, 1},
    {0x1D6FC, 0x1D714, 1},
    {0x1D716, 0x1D734, 1},
    {0x1D736, 0x1D74E, 1},
    {0x1D750, 0x1D76E, 1},
    {0x1D770, 0x1D788, 1},
    {0x1D78A, 0x1D7A8, 1},
    {0x1D7AA, 0x1D7C2, 1},
    {0x1D7C4, 0x1D7CB, 1},
    {0x1DF00, 0x1DF1E, 1},
    {0x1DF25, 0x1DF2A, 1},
    {0x1E030, 0x1E06D, 1},
    {0x1E100, 0x1E12C, 1},
    {0x1E137, 0x1E13D, 1},
    {0x1E14E, 0x1E14E, 1},
    {0x1E290, 0x1E2AD, 1},
    {0x1E2C0, 0x1E2EB, 1},
    {0x1E4D0, 0x1E4EB, 1},
    {0x1E7E0, 0x1E7E6, 1},
    {0x1E7E8, 0x1E7EB, 1},
    {0x1E7ED, 0x1E7EE, 1},
    {0x1E7F0, 0x1E7FE, 1},
    {0x1E800, 0x1E8C4, 1},
    {0x1E900, 0x1E943, 1},
    {0x1E94B, 0x1E94B, 1},
    {0x1EE00, 0x1EE03, 1},
    {0x1EE05, 0x1EE1F, 1},
    {0x1EE21, 0x1EE22, 1},
    {0x1EE24, 0x1EE24, 1},
    {0x1EE27, 0x1EE27, 1},
    {0x1EE29, 0x1EE32, 1},
    {0x1EE34, 0x1EE37, 1},
    {0x1EE39, 0x1EE39, 1},
    {0x1EE3B, 0x1EE3B, 1},
    {0x1EE42, 0x1EE42, 1},
    {0x1EE47, 0x1EE47, 1},
    {0x1EE49, 0x1EE49, 1},
    {0x1EE4B, 0x1EE4B, 1},
    {0x1EE4D, 0x1EE4F, 1},
    {0x1EE51, 0x1EE52, 1},
    {0x1EE54, 0x1EE54, 1},
    {0x1EE57, 0x1EE57, 1},
    {0x1EE59, 0x1EE59, 1},
    {0x1EE5B, 0x1EE5B, 1},
    {0x1EE5D, 0x1EE5D, 1},
    {0x1EE5F, 0x1EE5F, 1},
    {0x1EE61, 0x1EE62, 1},
    {0x1EE64, 0x1EE64, 1},
    {0x1EE67, 0x1EE6A, 1},
    {0x1EE6C, 0x1EE72, 1},
    {0x1EE74, 0x1EE77, 1},
    {0x1EE79, 0x1EE7C, 1},
    {0x1EE7E, 0x1EE7E, 1},
    {0x1EE80, 0x1EE89, 1},
    {0x1EE8B, 0x1EE9B, 1},
    {0x1EEA1, 0x1EEA3, 1},
    {0x1EEA5, 0x1EEA9, 1},
    {0x1EEAB, 0x1EEBB, 1},
    {0x20000, 0x2A6DF, 1},
    {0x2A700, 0x2B739, 1},
    {0x2B740, 0x2B81D, 1},
    {0x2B820, 0x2CEA1, 1},
    {0x2CEB0, 0x2EBE0, 1},
    {0x2F800, 0x2FA1D, 1},
    {0x30000, 0x3134A, 1},
    {0x31350, 0x323AF, 1}
};
static const nci_utable nci_tab_letter = { nci_letter_r16, 380, nci_letter_r32, 279, 7 };

static const nci_ur16 nci_upper_r16[] = {
    {0x0041, 0x005A, 1},
    {0x00C0, 0x00D6, 1},
    {0x00D8, 0x00DE, 1},
    {0x0100, 0x0100, 1},
    {0x0102, 0x0102, 1},
    {0x0104, 0x0104, 1},
    {0x0106, 0x0106, 1},
    {0x0108, 0x0108, 1},
    {0x010A, 0x010A, 1},
    {0x010C, 0x010C, 1},
    {0x010E, 0x010E, 1},
    {0x0110, 0x0110, 1},
    {0x0112, 0x0112, 1},
    {0x0114, 0x0114, 1},
    {0x0116, 0x0116, 1},
    {0x0118, 0x0118, 1},
    {0x011A, 0x011A, 1},
    {0x011C, 0x011C, 1},
    {0x011E, 0x011E, 1},
    {0x0120, 0x0120, 1},
    {0x0122, 0x0122, 1},
    {0x0124, 0x0124, 1},
    {0x0126, 0x0126, 1},
    {0x0128, 0x0128, 1},
    {0x012A, 0x012A, 1},
    {0x012C, 0x012C, 1},
    {0x012E, 0x012E, 1},
    {0x0130, 0x0130, 1},
    {0x0132, 0x0132, 1},
    {0x0134, 0x0134, 1},
    {0x0136, 0x0136, 1},
    {0x0139, 0x0139, 1},
    {0x013B, 0x013B, 1},
    {0x013D, 0x013D, 1},
    {0x013F, 0x013F, 1},
    {0x0141, 0x0141, 1},
    {0x0143, 0x0143, 1},
    {0x0145, 0x0145, 1},
    {0x0147, 0x0147, 1},
    {0x014A, 0x014A, 1},
    {0x014C, 0x014C, 1},
    {0x014E, 0x014E, 1},
    {0x0150, 0x0150, 1},
    {0x0152, 0x0152, 1},
    {0x0154, 0x0154, 1},
    {0x0156, 0x0156, 1},
    {0x0158, 0x0158, 1},
    {0x015A, 0x015A, 1},
    {0x015C, 0x015C, 1},
    {0x015E, 0x015E, 1},
    {0x0160, 0x0160, 1},
    {0x0162, 0x0162, 1},
    {0x0164, 0x0164, 1},
    {0x0166, 0x0166, 1},
    {0x0168, 0x0168, 1},
    {0x016A, 0x016A, 1},
    {0x016C, 0x016C, 1},
    {0x016E, 0x016E, 1},
    {0x0170, 0x0170, 1},
    {0x0172, 0x0172, 1},
    {0x0174, 0x0174, 1},
    {0x0176, 0x0176, 1},
    {0x0178, 0x0179, 1},
    {0x017B, 0x017B, 1},
    {0x017D, 0x017D, 1},
    {0x0181, 0x0182, 1},
    {0x0184, 0x0184, 1},
    {0x0186, 0x0187, 1},
    {0x0189, 0x018B, 1},
    {0x018E, 0x0191, 1},
    {0x0193, 0x0194, 1},
    {0x0196, 0x0198, 1},
    {0x019C, 0x019D, 1},
    {0x019F, 0x01A0, 1},
    {0x01A2, 0x01A2, 1},
    {0x01A4, 0x01A4, 1},
    {0x01A6, 0x01A7, 1},
    {0x01A9, 0x01A9, 1},
    {0x01AC, 0x01AC, 1},
    {0x01AE, 0x01AF, 1},
    {0x01B1, 0x01B3, 1},
    {0x01B5, 0x01B5, 1},
    {0x01B7, 0x01B8, 1},
    {0x01BC, 0x01BC, 1},
    {0x01C4, 0x01C4, 1},
    {0x01C7, 0x01C7, 1},
    {0x01CA, 0x01CA, 1},
    {0x01CD, 0x01CD, 1},
    {0x01CF, 0x01CF, 1},
    {0x01D1, 0x01D1, 1},
    {0x01D3, 0x01D3, 1},
    {0x01D5, 0x01D5, 1},
    {0x01D7, 0x01D7, 1},
    {0x01D9, 0x01D9, 1},
    {0x01DB, 0x01DB, 1},
    {0x01DE, 0x01DE, 1},
    {0x01E0, 0x01E0, 1},
    {0x01E2, 0x01E2, 1},
    {0x01E4, 0x01E4, 1},
    {0x01E6, 0x01E6, 1},
    {0x01E8, 0x01E8, 1},
    {0x01EA, 0x01EA, 1},
    {0x01EC, 0x01EC, 1},
    {0x01EE, 0x01EE, 1},
    {0x01F1, 0x01F1, 1},
    {0x01F4, 0x01F4, 1},
    {0x01F6, 0x01F8, 1},
    {0x01FA, 0x01FA, 1},
    {0x01FC, 0x01FC, 1},
    {0x01FE, 0x01FE, 1},
    {0x0200, 0x0200, 1},
    {0x0202, 0x0202, 1},
    {0x0204, 0x0204, 1},
    {0x0206, 0x0206, 1},
    {0x0208, 0x0208, 1},
    {0x020A, 0x020A, 1},
    {0x020C, 0x020C, 1},
    {0x020E, 0x020E, 1},
    {0x0210, 0x0210, 1},
    {0x0212, 0x0212, 1},
    {0x0214, 0x0214, 1},
    {0x0216, 0x0216, 1},
    {0x0218, 0x0218, 1},
    {0x021A, 0x021A, 1},
    {0x021C, 0x021C, 1},
    {0x021E, 0x021E, 1},
    {0x0220, 0x0220, 1},
    {0x0222, 0x0222, 1},
    {0x0224, 0x0224, 1},
    {0x0226, 0x0226, 1},
    {0x0228, 0x0228, 1},
    {0x022A, 0x022A, 1},
    {0x022C, 0x022C, 1},
    {0x022E, 0x022E, 1},
    {0x0230, 0x0230, 1},
    {0x0232, 0x0232, 1},
    {0x023A, 0x023B, 1},
    {0x023D, 0x023E, 1},
    {0x0241, 0x0241, 1},
    {0x0243, 0x0246, 1},
    {0x0248, 0x0248, 1},
    {0x024A, 0x024A, 1},
    {0x024C, 0x024C, 1},
    {0x024E, 0x024E, 1},
    {0x0370, 0x0370, 1},
    {0x0372, 0x0372, 1},
    {0x0376, 0x0376, 1},
    {0x037F, 0x037F, 1},
    {0x0386, 0x0386, 1},
    {0x0388, 0x038A, 1},
    {0x038C, 0x038C, 1},
    {0x038E, 0x038F, 1},
    {0x0391, 0x03A1, 1},
    {0x03A3, 0x03AB, 1},
    {0x03CF, 0x03CF, 1},
    {0x03D2, 0x03D4, 1},
    {0x03D8, 0x03D8, 1},
    {0x03DA, 0x03DA, 1},
    {0x03DC, 0x03DC, 1},
    {0x03DE, 0x03DE, 1},
    {0x03E0, 0x03E0, 1},
    {0x03E2, 0x03E2, 1},
    {0x03E4, 0x03E4, 1},
    {0x03E6, 0x03E6, 1},
    {0x03E8, 0x03E8, 1},
    {0x03EA, 0x03EA, 1},
    {0x03EC, 0x03EC, 1},
    {0x03EE, 0x03EE, 1},
    {0x03F4, 0x03F4, 1},
    {0x03F7, 0x03F7, 1},
    {0x03F9, 0x03FA, 1},
    {0x03FD, 0x042F, 1},
    {0x0460, 0x0460, 1},
    {0x0462, 0x0462, 1},
    {0x0464, 0x0464, 1},
    {0x0466, 0x0466, 1},
    {0x0468, 0x0468, 1},
    {0x046A, 0x046A, 1},
    {0x046C, 0x046C, 1},
    {0x046E, 0x046E, 1},
    {0x0470, 0x0470, 1},
    {0x0472, 0x0472, 1},
    {0x0474, 0x0474, 1},
    {0x0476, 0x0476, 1},
    {0x0478, 0x0478, 1},
    {0x047A, 0x047A, 1},
    {0x047C, 0x047C, 1},
    {0x047E, 0x047E, 1},
    {0x0480, 0x0480, 1},
    {0x048A, 0x048A, 1},
    {0x048C, 0x048C, 1},
    {0x048E, 0x048E, 1},
    {0x0490, 0x0490, 1},
    {0x0492, 0x0492, 1},
    {0x0494, 0x0494, 1},
    {0x0496, 0x0496, 1},
    {0x0498, 0x0498, 1},
    {0x049A, 0x049A, 1},
    {0x049C, 0x049C, 1},
    {0x049E, 0x049E, 1},
    {0x04A0, 0x04A0, 1},
    {0x04A2, 0x04A2, 1},
    {0x04A4, 0x04A4, 1},
    {0x04A6, 0x04A6, 1},
    {0x04A8, 0x04A8, 1},
    {0x04AA, 0x04AA, 1},
    {0x04AC, 0x04AC, 1},
    {0x04AE, 0x04AE, 1},
    {0x04B0, 0x04B0, 1},
    {0x04B2, 0x04B2, 1},
    {0x04B4, 0x04B4, 1},
    {0x04B6, 0x04B6, 1},
    {0x04B8, 0x04B8, 1},
    {0x04BA, 0x04BA, 1},
    {0x04BC, 0x04BC, 1},
    {0x04BE, 0x04BE, 1},
    {0x04C0, 0x04C1, 1},
    {0x04C3, 0x04C3, 1},
    {0x04C5, 0x04C5, 1},
    {0x04C7, 0x04C7, 1},
    {0x04C9, 0x04C9, 1},
    {0x04CB, 0x04CB, 1},
    {0x04CD, 0x04CD, 1},
    {0x04D0, 0x04D0, 1},
    {0x04D2, 0x04D2, 1},
    {0x04D4, 0x04D4, 1},
    {0x04D6, 0x04D6, 1},
    {0x04D8, 0x04D8, 1},
    {0x04DA, 0x04DA, 1},
    {0x04DC, 0x04DC, 1},
    {0x04DE, 0x04DE, 1},
    {0x04E0, 0x04E0, 1},
    {0x04E2, 0x04E2, 1},
    {0x04E4, 0x04E4, 1},
    {0x04E6, 0x04E6, 1},
    {0x04E8, 0x04E8, 1},
    {0x04EA, 0x04EA, 1},
    {0x04EC, 0x04EC, 1},
    {0x04EE, 0x04EE, 1},
    {0x04F0, 0x04F0, 1},
    {0x04F2, 0x04F2, 1},
    {0x04F4, 0x04F4, 1},
    {0x04F6, 0x04F6, 1},
    {0x04F8, 0x04F8, 1},
    {0x04FA, 0x04FA, 1},
    {0x04FC, 0x04FC, 1},
    {0x04FE, 0x04FE, 1},
    {0x0500, 0x0500, 1},
    {0x0502, 0x0502, 1},
    {0x0504, 0x0504, 1},
    {0x0506, 0x0506, 1},
    {0x0508, 0x0508, 1},
    {0x050A, 0x050A, 1},
    {0x050C, 0x050C, 1},
    {0x050E, 0x050E, 1},
    {0x0510, 0x0510, 1},
    {0x0512, 0x0512, 1},
    {0x0514, 0x0514, 1},
    {0x0516, 0x0516, 1},
    {0x0518, 0x0518, 1},
    {0x051A, 0x051A, 1},
    {0x051C, 0x051C, 1},
    {0x051E, 0x051E, 1},
    {0x0520, 0x0520, 1},
    {0x0522, 0x0522, 1},
    {0x0524, 0x0524, 1},
    {0x0526, 0x0526, 1},
    {0x0528, 0x0528, 1},
    {0x052A, 0x052A, 1},
    {0x052C, 0x052C, 1},
    {0x052E, 0x052E, 1},
    {0x0531, 0x0556, 1},
    {0x10A0, 0x10C5, 1},
    {0x10C7, 0x10C7, 1},
    {0x10CD, 0x10CD, 1},
    {0x13A0, 0x13F5, 1},
    {0x1C90, 0x1CBA, 1},
    {0x1CBD, 0x1CBF, 1},
    {0x1E00, 0x1E00, 1},
    {0x1E02, 0x1E02, 1},
    {0x1E04, 0x1E04, 1},
    {0x1E06, 0x1E06, 1},
    {0x1E08, 0x1E08, 1},
    {0x1E0A, 0x1E0A, 1},
    {0x1E0C, 0x1E0C, 1},
    {0x1E0E, 0x1E0E, 1},
    {0x1E10, 0x1E10, 1},
    {0x1E12, 0x1E12, 1},
    {0x1E14, 0x1E14, 1},
    {0x1E16, 0x1E16, 1},
    {0x1E18, 0x1E18, 1},
    {0x1E1A, 0x1E1A, 1},
    {0x1E1C, 0x1E1C, 1},
    {0x1E1E, 0x1E1E, 1},
    {0x1E20, 0x1E20, 1},
    {0x1E22, 0x1E22, 1},
    {0x1E24, 0x1E24, 1},
    {0x1E26, 0x1E26, 1},
    {0x1E28, 0x1E28, 1},
    {0x1E2A, 0x1E2A, 1},
    {0x1E2C, 0x1E2C, 1},
    {0x1E2E, 0x1E2E, 1},
    {0x1E30, 0x1E30, 1},
    {0x1E32, 0x1E32, 1},
    {0x1E34, 0x1E34, 1},
    {0x1E36, 0x1E36, 1},
    {0x1E38, 0x1E38, 1},
    {0x1E3A, 0x1E3A, 1},
    {0x1E3C, 0x1E3C, 1},
    {0x1E3E, 0x1E3E, 1},
    {0x1E40, 0x1E40, 1},
    {0x1E42, 0x1E42, 1},
    {0x1E44, 0x1E44, 1},
    {0x1E46, 0x1E46, 1},
    {0x1E48, 0x1E48, 1},
    {0x1E4A, 0x1E4A, 1},
    {0x1E4C, 0x1E4C, 1},
    {0x1E4E, 0x1E4E, 1},
    {0x1E50, 0x1E50, 1},
    {0x1E52, 0x1E52, 1},
    {0x1E54, 0x1E54, 1},
    {0x1E56, 0x1E56, 1},
    {0x1E58, 0x1E58, 1},
    {0x1E5A, 0x1E5A, 1},
    {0x1E5C, 0x1E5C, 1},
    {0x1E5E, 0x1E5E, 1},
    {0x1E60, 0x1E60, 1},
    {0x1E62, 0x1E62, 1},
    {0x1E64, 0x1E64, 1},
    {0x1E66, 0x1E66, 1},
    {0x1E68, 0x1E68, 1},
    {0x1E6A, 0x1E6A, 1},
    {0x1E6C, 0x1E6C, 1},
    {0x1E6E, 0x1E6E, 1},
    {0x1E70, 0x1E70, 1},
    {0x1E72, 0x1E72, 1},
    {0x1E74, 0x1E74, 1},
    {0x1E76, 0x1E76, 1},
    {0x1E78, 0x1E78, 1},
    {0x1E7A, 0x1E7A, 1},
    {0x1E7C, 0x1E7C, 1},
    {0x1E7E, 0x1E7E, 1},
    {0x1E80, 0x1E80, 1},
    {0x1E82, 0x1E82, 1},
    {0x1E84, 0x1E84, 1},
    {0x1E86, 0x1E86, 1},
    {0x1E88, 0x1E88, 1},
    {0x1E8A, 0x1E8A, 1},
    {0x1E8C, 0x1E8C, 1},
    {0x1E8E, 0x1E8E, 1},
    {0x1E90, 0x1E90, 1},
    {0x1E92, 0x1E92, 1},
    {0x1E94, 0x1E94, 1},
    {0x1E9E, 0x1E9E, 1},
    {0x1EA0, 0x1EA0, 1},
    {0x1EA2, 0x1EA2, 1},
    {0x1EA4, 0x1EA4, 1},
    {0x1EA6, 0x1EA6, 1},
    {0x1EA8, 0x1EA8, 1},
    {0x1EAA, 0x1EAA, 1},
    {0x1EAC, 0x1EAC, 1},
    {0x1EAE, 0x1EAE, 1},
    {0x1EB0, 0x1EB0, 1},
    {0x1EB2, 0x1EB2, 1},
    {0x1EB4, 0x1EB4, 1},
    {0x1EB6, 0x1EB6, 1},
    {0x1EB8, 0x1EB8, 1},
    {0x1EBA, 0x1EBA, 1},
    {0x1EBC, 0x1EBC, 1},
    {0x1EBE, 0x1EBE, 1},
    {0x1EC0, 0x1EC0, 1},
    {0x1EC2, 0x1EC2, 1},
    {0x1EC4, 0x1EC4, 1},
    {0x1EC6, 0x1EC6, 1},
    {0x1EC8, 0x1EC8, 1},
    {0x1ECA, 0x1ECA, 1},
    {0x1ECC, 0x1ECC, 1},
    {0x1ECE, 0x1ECE, 1},
    {0x1ED0, 0x1ED0, 1},
    {0x1ED2, 0x1ED2, 1},
    {0x1ED4, 0x1ED4, 1},
    {0x1ED6, 0x1ED6, 1},
    {0x1ED8, 0x1ED8, 1},
    {0x1EDA, 0x1EDA, 1},
    {0x1EDC, 0x1EDC, 1},
    {0x1EDE, 0x1EDE, 1},
    {0x1EE0, 0x1EE0, 1},
    {0x1EE2, 0x1EE2, 1},
    {0x1EE4, 0x1EE4, 1},
    {0x1EE6, 0x1EE6, 1},
    {0x1EE8, 0x1EE8, 1},
    {0x1EEA, 0x1EEA, 1},
    {0x1EEC, 0x1EEC, 1},
    {0x1EEE, 0x1EEE, 1},
    {0x1EF0, 0x1EF0, 1},
    {0x1EF2, 0x1EF2, 1},
    {0x1EF4, 0x1EF4, 1},
    {0x1EF6, 0x1EF6, 1},
    {0x1EF8, 0x1EF8, 1},
    {0x1EFA, 0x1EFA, 1},
    {0x1EFC, 0x1EFC, 1},
    {0x1EFE, 0x1EFE, 1},
    {0x1F08, 0x1F0F, 1},
    {0x1F18, 0x1F1D, 1},
    {0x1F28, 0x1F2F, 1},
    {0x1F38, 0x1F3F, 1},
    {0x1F48, 0x1F4D, 1},
    {0x1F59, 0x1F59, 1},
    {0x1F5B, 0x1F5B, 1},
    {0x1F5D, 0x1F5D, 1},
    {0x1F5F, 0x1F5F, 1},
    {0x1F68, 0x1F6F, 1},
    {0x1FB8, 0x1FBB, 1},
    {0x1FC8, 0x1FCB, 1},
    {0x1FD8, 0x1FDB, 1},
    {0x1FE8, 0x1FEC, 1},
    {0x1FF8, 0x1FFB, 1},
    {0x2102, 0x2102, 1},
    {0x2107, 0x2107, 1},
    {0x210B, 0x210D, 1},
    {0x2110, 0x2112, 1},
    {0x2115, 0x2115, 1},
    {0x2119, 0x211D, 1},
    {0x2124, 0x2124, 1},
    {0x2126, 0x2126, 1},
    {0x2128, 0x2128, 1},
    {0x212A, 0x212D, 1},
    {0x2130, 0x2133, 1},
    {0x213E, 0x213F, 1},
    {0x2145, 0x2145, 1},
    {0x2183, 0x2183, 1},
    {0x2C00, 0x2C2F, 1},
    {0x2C60, 0x2C60, 1},
    {0x2C62, 0x2C64, 1},
    {0x2C67, 0x2C67, 1},
    {0x2C69, 0x2C69, 1},
    {0x2C6B, 0x2C6B, 1},
    {0x2C6D, 0x2C70, 1},
    {0x2C72, 0x2C72, 1},
    {0x2C75, 0x2C75, 1},
    {0x2C7E, 0x2C80, 1},
    {0x2C82, 0x2C82, 1},
    {0x2C84, 0x2C84, 1},
    {0x2C86, 0x2C86, 1},
    {0x2C88, 0x2C88, 1},
    {0x2C8A, 0x2C8A, 1},
    {0x2C8C, 0x2C8C, 1},
    {0x2C8E, 0x2C8E, 1},
    {0x2C90, 0x2C90, 1},
    {0x2C92, 0x2C92, 1},
    {0x2C94, 0x2C94, 1},
    {0x2C96, 0x2C96, 1},
    {0x2C98, 0x2C98, 1},
    {0x2C9A, 0x2C9A, 1},
    {0x2C9C, 0x2C9C, 1},
    {0x2C9E, 0x2C9E, 1},
    {0x2CA0, 0x2CA0, 1},
    {0x2CA2, 0x2CA2, 1},
    {0x2CA4, 0x2CA4, 1},
    {0x2CA6, 0x2CA6, 1},
    {0x2CA8, 0x2CA8, 1},
    {0x2CAA, 0x2CAA, 1},
    {0x2CAC, 0x2CAC, 1},
    {0x2CAE, 0x2CAE, 1},
    {0x2CB0, 0x2CB0, 1},
    {0x2CB2, 0x2CB2, 1},
    {0x2CB4, 0x2CB4, 1},
    {0x2CB6, 0x2CB6, 1},
    {0x2CB8, 0x2CB8, 1},
    {0x2CBA, 0x2CBA, 1},
    {0x2CBC, 0x2CBC, 1},
    {0x2CBE, 0x2CBE, 1},
    {0x2CC0, 0x2CC0, 1},
    {0x2CC2, 0x2CC2, 1},
    {0x2CC4, 0x2CC4, 1},
    {0x2CC6, 0x2CC6, 1},
    {0x2CC8, 0x2CC8, 1},
    {0x2CCA, 0x2CCA, 1},
    {0x2CCC, 0x2CCC, 1},
    {0x2CCE, 0x2CCE, 1},
    {0x2CD0, 0x2CD0, 1},
    {0x2CD2, 0x2CD2, 1},
    {0x2CD4, 0x2CD4, 1},
    {0x2CD6, 0x2CD6, 1},
    {0x2CD8, 0x2CD8, 1},
    {0x2CDA, 0x2CDA, 1},
    {0x2CDC, 0x2CDC, 1},
    {0x2CDE, 0x2CDE, 1},
    {0x2CE0, 0x2CE0, 1},
    {0x2CE2, 0x2CE2, 1},
    {0x2CEB, 0x2CEB, 1},
    {0x2CED, 0x2CED, 1},
    {0x2CF2, 0x2CF2, 1},
    {0xA640, 0xA640, 1},
    {0xA642, 0xA642, 1},
    {0xA644, 0xA644, 1},
    {0xA646, 0xA646, 1},
    {0xA648, 0xA648, 1},
    {0xA64A, 0xA64A, 1},
    {0xA64C, 0xA64C, 1},
    {0xA64E, 0xA64E, 1},
    {0xA650, 0xA650, 1},
    {0xA652, 0xA652, 1},
    {0xA654, 0xA654, 1},
    {0xA656, 0xA656, 1},
    {0xA658, 0xA658, 1},
    {0xA65A, 0xA65A, 1},
    {0xA65C, 0xA65C, 1},
    {0xA65E, 0xA65E, 1},
    {0xA660, 0xA660, 1},
    {0xA662, 0xA662, 1},
    {0xA664, 0xA664, 1},
    {0xA666, 0xA666, 1},
    {0xA668, 0xA668, 1},
    {0xA66A, 0xA66A, 1},
    {0xA66C, 0xA66C, 1},
    {0xA680, 0xA680, 1},
    {0xA682, 0xA682, 1},
    {0xA684, 0xA684, 1},
    {0xA686, 0xA686, 1},
    {0xA688, 0xA688, 1},
    {0xA68A, 0xA68A, 1},
    {0xA68C, 0xA68C, 1},
    {0xA68E, 0xA68E, 1},
    {0xA690, 0xA690, 1},
    {0xA692, 0xA692, 1},
    {0xA694, 0xA694, 1},
    {0xA696, 0xA696, 1},
    {0xA698, 0xA698, 1},
    {0xA69A, 0xA69A, 1},
    {0xA722, 0xA722, 1},
    {0xA724, 0xA724, 1},
    {0xA726, 0xA726, 1},
    {0xA728, 0xA728, 1},
    {0xA72A, 0xA72A, 1},
    {0xA72C, 0xA72C, 1},
    {0xA72E, 0xA72E, 1},
    {0xA732, 0xA732, 1},
    {0xA734, 0xA734, 1},
    {0xA736, 0xA736, 1},
    {0xA738, 0xA738, 1},
    {0xA73A, 0xA73A, 1},
    {0xA73C, 0xA73C, 1},
    {0xA73E, 0xA73E, 1},
    {0xA740, 0xA740, 1},
    {0xA742, 0xA742, 1},
    {0xA744, 0xA744, 1},
    {0xA746, 0xA746, 1},
    {0xA748, 0xA748, 1},
    {0xA74A, 0xA74A, 1},
    {0xA74C, 0xA74C, 1},
    {0xA74E, 0xA74E, 1},
    {0xA750, 0xA750, 1},
    {0xA752, 0xA752, 1},
    {0xA754, 0xA754, 1},
    {0xA756, 0xA756, 1},
    {0xA758, 0xA758, 1},
    {0xA75A, 0xA75A, 1},
    {0xA75C, 0xA75C, 1},
    {0xA75E, 0xA75E, 1},
    {0xA760, 0xA760, 1},
    {0xA762, 0xA762, 1},
    {0xA764, 0xA764, 1},
    {0xA766, 0xA766, 1},
    {0xA768, 0xA768, 1},
    {0xA76A, 0xA76A, 1},
    {0xA76C, 0xA76C, 1},
    {0xA76E, 0xA76E, 1},
    {0xA779, 0xA779, 1},
    {0xA77B, 0xA77B, 1},
    {0xA77D, 0xA77E, 1},
    {0xA780, 0xA780, 1},
    {0xA782, 0xA782, 1},
    {0xA784, 0xA784, 1},
    {0xA786, 0xA786, 1},
    {0xA78B, 0xA78B, 1},
    {0xA78D, 0xA78D, 1},
    {0xA790, 0xA790, 1},
    {0xA792, 0xA792, 1},
    {0xA796, 0xA796, 1},
    {0xA798, 0xA798, 1},
    {0xA79A, 0xA79A, 1},
    {0xA79C, 0xA79C, 1},
    {0xA79E, 0xA79E, 1},
    {0xA7A0, 0xA7A0, 1},
    {0xA7A2, 0xA7A2, 1},
    {0xA7A4, 0xA7A4, 1},
    {0xA7A6, 0xA7A6, 1},
    {0xA7A8, 0xA7A8, 1},
    {0xA7AA, 0xA7AE, 1},
    {0xA7B0, 0xA7B4, 1},
    {0xA7B6, 0xA7B6, 1},
    {0xA7B8, 0xA7B8, 1},
    {0xA7BA, 0xA7BA, 1},
    {0xA7BC, 0xA7BC, 1},
    {0xA7BE, 0xA7BE, 1},
    {0xA7C0, 0xA7C0, 1},
    {0xA7C2, 0xA7C2, 1},
    {0xA7C4, 0xA7C7, 1},
    {0xA7C9, 0xA7C9, 1},
    {0xA7D0, 0xA7D0, 1},
    {0xA7D6, 0xA7D6, 1},
    {0xA7D8, 0xA7D8, 1},
    {0xA7F5, 0xA7F5, 1},
    {0xFF21, 0xFF3A, 1}
};
static const nci_ur32 nci_upper_r32[] = {
    {0x10400, 0x10427, 1},
    {0x104B0, 0x104D3, 1},
    {0x10570, 0x1057A, 1},
    {0x1057C, 0x1058A, 1},
    {0x1058C, 0x10592, 1},
    {0x10594, 0x10595, 1},
    {0x10C80, 0x10CB2, 1},
    {0x118A0, 0x118BF, 1},
    {0x16E40, 0x16E5F, 1},
    {0x1D400, 0x1D419, 1},
    {0x1D434, 0x1D44D, 1},
    {0x1D468, 0x1D481, 1},
    {0x1D49C, 0x1D49C, 1},
    {0x1D49E, 0x1D49F, 1},
    {0x1D4A2, 0x1D4A2, 1},
    {0x1D4A5, 0x1D4A6, 1},
    {0x1D4A9, 0x1D4AC, 1},
    {0x1D4AE, 0x1D4B5, 1},
    {0x1D4D0, 0x1D4E9, 1},
    {0x1D504, 0x1D505, 1},
    {0x1D507, 0x1D50A, 1},
    {0x1D50D, 0x1D514, 1},
    {0x1D516, 0x1D51C, 1},
    {0x1D538, 0x1D539, 1},
    {0x1D53B, 0x1D53E, 1},
    {0x1D540, 0x1D544, 1},
    {0x1D546, 0x1D546, 1},
    {0x1D54A, 0x1D550, 1},
    {0x1D56C, 0x1D585, 1},
    {0x1D5A0, 0x1D5B9, 1},
    {0x1D5D4, 0x1D5ED, 1},
    {0x1D608, 0x1D621, 1},
    {0x1D63C, 0x1D655, 1},
    {0x1D670, 0x1D689, 1},
    {0x1D6A8, 0x1D6C0, 1},
    {0x1D6E2, 0x1D6FA, 1},
    {0x1D71C, 0x1D734, 1},
    {0x1D756, 0x1D76E, 1},
    {0x1D790, 0x1D7A8, 1},
    {0x1D7CA, 0x1D7CA, 1},
    {0x1E900, 0x1E921, 1}
};
static const nci_utable nci_tab_upper = { nci_upper_r16, 605, nci_upper_r32, 41, 3 };

static const nci_ur16 nci_lower_r16[] = {
    {0x0061, 0x007A, 1},
    {0x00B5, 0x00B5, 1},
    {0x00DF, 0x00F6, 1},
    {0x00F8, 0x00FF, 1},
    {0x0101, 0x0101, 1},
    {0x0103, 0x0103, 1},
    {0x0105, 0x0105, 1},
    {0x0107, 0x0107, 1},
    {0x0109, 0x0109, 1},
    {0x010B, 0x010B, 1},
    {0x010D, 0x010D, 1},
    {0x010F, 0x010F, 1},
    {0x0111, 0x0111, 1},
    {0x0113, 0x0113, 1},
    {0x0115, 0x0115, 1},
    {0x0117, 0x0117, 1},
    {0x0119, 0x0119, 1},
    {0x011B, 0x011B, 1},
    {0x011D, 0x011D, 1},
    {0x011F, 0x011F, 1},
    {0x0121, 0x0121, 1},
    {0x0123, 0x0123, 1},
    {0x0125, 0x0125, 1},
    {0x0127, 0x0127, 1},
    {0x0129, 0x0129, 1},
    {0x012B, 0x012B, 1},
    {0x012D, 0x012D, 1},
    {0x012F, 0x012F, 1},
    {0x0131, 0x0131, 1},
    {0x0133, 0x0133, 1},
    {0x0135, 0x0135, 1},
    {0x0137, 0x0138, 1},
    {0x013A, 0x013A, 1},
    {0x013C, 0x013C, 1},
    {0x013E, 0x013E, 1},
    {0x0140, 0x0140, 1},
    {0x0142, 0x0142, 1},
    {0x0144, 0x0144, 1},
    {0x0146, 0x0146, 1},
    {0x0148, 0x0149, 1},
    {0x014B, 0x014B, 1},
    {0x014D, 0x014D, 1},
    {0x014F, 0x014F, 1},
    {0x0151, 0x0151, 1},
    {0x0153, 0x0153, 1},
    {0x0155, 0x0155, 1},
    {0x0157, 0x0157, 1},
    {0x0159, 0x0159, 1},
    {0x015B, 0x015B, 1},
    {0x015D, 0x015D, 1},
    {0x015F, 0x015F, 1},
    {0x0161, 0x0161, 1},
    {0x0163, 0x0163, 1},
    {0x0165, 0x0165, 1},
    {0x0167, 0x0167, 1},
    {0x0169, 0x0169, 1},
    {0x016B, 0x016B, 1},
    {0x016D, 0x016D, 1},
    {0x016F, 0x016F, 1},
    {0x0171, 0x0171, 1},
    {0x0173, 0x0173, 1},
    {0x0175, 0x0175, 1},
    {0x0177, 0x0177, 1},
    {0x017A, 0x017A, 1},
    {0x017C, 0x017C, 1},
    {0x017E, 0x0180, 1},
    {0x0183, 0x0183, 1},
    {0x0185, 0x0185, 1},
    {0x0188, 0x0188, 1},
    {0x018C, 0x018D, 1},
    {0x0192, 0x0192, 1},
    {0x0195, 0x0195, 1},
    {0x0199, 0x019B, 1},
    {0x019E, 0x019E, 1},
    {0x01A1, 0x01A1, 1},
    {0x01A3, 0x01A3, 1},
    {0x01A5, 0x01A5, 1},
    {0x01A8, 0x01A8, 1},
    {0x01AA, 0x01AB, 1},
    {0x01AD, 0x01AD, 1},
    {0x01B0, 0x01B0, 1},
    {0x01B4, 0x01B4, 1},
    {0x01B6, 0x01B6, 1},
    {0x01B9, 0x01BA, 1},
    {0x01BD, 0x01BF, 1},
    {0x01C6, 0x01C6, 1},
    {0x01C9, 0x01C9, 1},
    {0x01CC, 0x01CC, 1},
    {0x01CE, 0x01CE, 1},
    {0x01D0, 0x01D0, 1},
    {0x01D2, 0x01D2, 1},
    {0x01D4, 0x01D4, 1},
    {0x01D6, 0x01D6, 1},
    {0x01D8, 0x01D8, 1},
    {0x01DA, 0x01DA, 1},
    {0x01DC, 0x01DD, 1},
    {0x01DF, 0x01DF, 1},
    {0x01E1, 0x01E1, 1},
    {0x01E3, 0x01E3, 1},
    {0x01E5, 0x01E5, 1},
    {0x01E7, 0x01E7, 1},
    {0x01E9, 0x01E9, 1},
    {0x01EB, 0x01EB, 1},
    {0x01ED, 0x01ED, 1},
    {0x01EF, 0x01F0, 1},
    {0x01F3, 0x01F3, 1},
    {0x01F5, 0x01F5, 1},
    {0x01F9, 0x01F9, 1},
    {0x01FB, 0x01FB, 1},
    {0x01FD, 0x01FD, 1},
    {0x01FF, 0x01FF, 1},
    {0x0201, 0x0201, 1},
    {0x0203, 0x0203, 1},
    {0x0205, 0x0205, 1},
    {0x0207, 0x0207, 1},
    {0x0209, 0x0209, 1},
    {0x020B, 0x020B, 1},
    {0x020D, 0x020D, 1},
    {0x020F, 0x020F, 1},
    {0x0211, 0x0211, 1},
    {0x0213, 0x0213, 1},
    {0x0215, 0x0215, 1},
    {0x0217, 0x0217, 1},
    {0x0219, 0x0219, 1},
    {0x021B, 0x021B, 1},
    {0x021D, 0x021D, 1},
    {0x021F, 0x021F, 1},
    {0x0221, 0x0221, 1},
    {0x0223, 0x0223, 1},
    {0x0225, 0x0225, 1},
    {0x0227, 0x0227, 1},
    {0x0229, 0x0229, 1},
    {0x022B, 0x022B, 1},
    {0x022D, 0x022D, 1},
    {0x022F, 0x022F, 1},
    {0x0231, 0x0231, 1},
    {0x0233, 0x0239, 1},
    {0x023C, 0x023C, 1},
    {0x023F, 0x0240, 1},
    {0x0242, 0x0242, 1},
    {0x0247, 0x0247, 1},
    {0x0249, 0x0249, 1},
    {0x024B, 0x024B, 1},
    {0x024D, 0x024D, 1},
    {0x024F, 0x0293, 1},
    {0x0295, 0x02AF, 1},
    {0x0371, 0x0371, 1},
    {0x0373, 0x0373, 1},
    {0x0377, 0x0377, 1},
    {0x037B, 0x037D, 1},
    {0x0390, 0x0390, 1},
    {0x03AC, 0x03CE, 1},
    {0x03D0, 0x03D1, 1},
    {0x03D5, 0x03D7, 1},
    {0x03D9, 0x03D9, 1},
    {0x03DB, 0x03DB, 1},
    {0x03DD, 0x03DD, 1},
    {0x03DF, 0x03DF, 1},
    {0x03E1, 0x03E1, 1},
    {0x03E3, 0x03E3, 1},
    {0x03E5, 0x03E5, 1},
    {0x03E7, 0x03E7, 1},
    {0x03E9, 0x03E9, 1},
    {0x03EB, 0x03EB, 1},
    {0x03ED, 0x03ED, 1},
    {0x03EF, 0x03F3, 1},
    {0x03F5, 0x03F5, 1},
    {0x03F8, 0x03F8, 1},
    {0x03FB, 0x03FC, 1},
    {0x0430, 0x045F, 1},
    {0x0461, 0x0461, 1},
    {0x0463, 0x0463, 1},
    {0x0465, 0x0465, 1},
    {0x0467, 0x0467, 1},
    {0x0469, 0x0469, 1},
    {0x046B, 0x046B, 1},
    {0x046D, 0x046D, 1},
    {0x046F, 0x046F, 1},
    {0x0471, 0x0471, 1},
    {0x0473, 0x0473, 1},
    {0x0475, 0x0475, 1},
    {0x0477, 0x0477, 1},
    {0x0479, 0x0479, 1},
    {0x047B, 0x047B, 1},
    {0x047D, 0x047D, 1},
    {0x047F, 0x047F, 1},
    {0x0481, 0x0481, 1},
    {0x048B, 0x048B, 1},
    {0x048D, 0x048D, 1},
    {0x048F, 0x048F, 1},
    {0x0491, 0x0491, 1},
    {0x0493, 0x0493, 1},
    {0x0495, 0x0495, 1},
    {0x0497, 0x0497, 1},
    {0x0499, 0x0499, 1},
    {0x049B, 0x049B, 1},
    {0x049D, 0x049D, 1},
    {0x049F, 0x049F, 1},
    {0x04A1, 0x04A1, 1},
    {0x04A3, 0x04A3, 1},
    {0x04A5, 0x04A5, 1},
    {0x04A7, 0x04A7, 1},
    {0x04A9, 0x04A9, 1},
    {0x04AB, 0x04AB, 1},
    {0x04AD, 0x04AD, 1},
    {0x04AF, 0x04AF, 1},
    {0x04B1, 0x04B1, 1},
    {0x04B3, 0x04B3, 1},
    {0x04B5, 0x04B5, 1},
    {0x04B7, 0x04B7, 1},
    {0x04B9, 0x04B9, 1},
    {0x04BB, 0x04BB, 1},
    {0x04BD, 0x04BD, 1},
    {0x04BF, 0x04BF, 1},
    {0x04C2, 0x04C2, 1},
    {0x04C4, 0x04C4, 1},
    {0x04C6, 0x04C6, 1},
    {0x04C8, 0x04C8, 1},
    {0x04CA, 0x04CA, 1},
    {0x04CC, 0x04CC, 1},
    {0x04CE, 0x04CF, 1},
    {0x04D1, 0x04D1, 1},
    {0x04D3, 0x04D3, 1},
    {0x04D5, 0x04D5, 1},
    {0x04D7, 0x04D7, 1},
    {0x04D9, 0x04D9, 1},
    {0x04DB, 0x04DB, 1},
    {0x04DD, 0x04DD, 1},
    {0x04DF, 0x04DF, 1},
    {0x04E1, 0x04E1, 1},
    {0x04E3, 0x04E3, 1},
    {0x04E5, 0x04E5, 1},
    {0x04E7, 0x04E7, 1},
    {0x04E9, 0x04E9, 1},
    {0x04EB, 0x04EB, 1},
    {0x04ED, 0x04ED, 1},
    {0x04EF, 0x04EF, 1},
    {0x04F1, 0x04F1, 1},
    {0x04F3, 0x04F3, 1},
    {0x04F5, 0x04F5, 1},
    {0x04F7, 0x04F7, 1},
    {0x04F9, 0x04F9, 1},
    {0x04FB, 0x04FB, 1},
    {0x04FD, 0x04FD, 1},
    {0x04FF, 0x04FF, 1},
    {0x0501, 0x0501, 1},
    {0x0503, 0x0503, 1},
    {0x0505, 0x0505, 1},
    {0x0507, 0x0507, 1},
    {0x0509, 0x0509, 1},
    {0x050B, 0x050B, 1},
    {0x050D, 0x050D, 1},
    {0x050F, 0x050F, 1},
    {0x0511, 0x0511, 1},
    {0x0513, 0x0513, 1},
    {0x0515, 0x0515, 1},
    {0x0517, 0x0517, 1},
    {0x0519, 0x0519, 1},
    {0x051B, 0x051B, 1},
    {0x051D, 0x051D, 1},
    {0x051F, 0x051F, 1},
    {0x0521, 0x0521, 1},
    {0x0523, 0x0523, 1},
    {0x0525, 0x0525, 1},
    {0x0527, 0x0527, 1},
    {0x0529, 0x0529, 1},
    {0x052B, 0x052B, 1},
    {0x052D, 0x052D, 1},
    {0x052F, 0x052F, 1},
    {0x0560, 0x0588, 1},
    {0x10D0, 0x10FA, 1},
    {0x10FD, 0x10FF, 1},
    {0x13F8, 0x13FD, 1},
    {0x1C80, 0x1C88, 1},
    {0x1D00, 0x1D2B, 1},
    {0x1D6B, 0x1D77, 1},
    {0x1D79, 0x1D9A, 1},
    {0x1E01, 0x1E01, 1},
    {0x1E03, 0x1E03, 1},
    {0x1E05, 0x1E05, 1},
    {0x1E07, 0x1E07, 1},
    {0x1E09, 0x1E09, 1},
    {0x1E0B, 0x1E0B, 1},
    {0x1E0D, 0x1E0D, 1},
    {0x1E0F, 0x1E0F, 1},
    {0x1E11, 0x1E11, 1},
    {0x1E13, 0x1E13, 1},
    {0x1E15, 0x1E15, 1},
    {0x1E17, 0x1E17, 1},
    {0x1E19, 0x1E19, 1},
    {0x1E1B, 0x1E1B, 1},
    {0x1E1D, 0x1E1D, 1},
    {0x1E1F, 0x1E1F, 1},
    {0x1E21, 0x1E21, 1},
    {0x1E23, 0x1E23, 1},
    {0x1E25, 0x1E25, 1},
    {0x1E27, 0x1E27, 1},
    {0x1E29, 0x1E29, 1},
    {0x1E2B, 0x1E2B, 1},
    {0x1E2D, 0x1E2D, 1},
    {0x1E2F, 0x1E2F, 1},
    {0x1E31, 0x1E31, 1},
    {0x1E33, 0x1E33, 1},
    {0x1E35, 0x1E35, 1},
    {0x1E37, 0x1E37, 1},
    {0x1E39, 0x1E39, 1},
    {0x1E3B, 0x1E3B, 1},
    {0x1E3D, 0x1E3D, 1},
    {0x1E3F, 0x1E3F, 1},
    {0x1E41, 0x1E41, 1},
    {0x1E43, 0x1E43, 1},
    {0x1E45, 0x1E45, 1},
    {0x1E47, 0x1E47, 1},
    {0x1E49, 0x1E49, 1},
    {0x1E4B, 0x1E4B, 1},
    {0x1E4D, 0x1E4D, 1},
    {0x1E4F, 0x1E4F, 1},
    {0x1E51, 0x1E51, 1},
    {0x1E53, 0x1E53, 1},
    {0x1E55, 0x1E55, 1},
    {0x1E57, 0x1E57, 1},
    {0x1E59, 0x1E59, 1},
    {0x1E5B, 0x1E5B, 1},
    {0x1E5D, 0x1E5D, 1},
    {0x1E5F, 0x1E5F, 1},
    {0x1E61, 0x1E61, 1},
    {0x1E63, 0x1E63, 1},
    {0x1E65, 0x1E65, 1},
    {0x1E67, 0x1E67, 1},
    {0x1E69, 0x1E69, 1},
    {0x1E6B, 0x1E6B, 1},
    {0x1E6D, 0x1E6D, 1},
    {0x1E6F, 0x1E6F, 1},
    {0x1E71, 0x1E71, 1},
    {0x1E73, 0x1E73, 1},
    {0x1E75, 0x1E75, 1},
    {0x1E77, 0x1E77, 1},
    {0x1E79, 0x1E79, 1},
    {0x1E7B, 0x1E7B, 1},
    {0x1E7D, 0x1E7D, 1},
    {0x1E7F, 0x1E7F, 1},
    {0x1E81, 0x1E81, 1},
    {0x1E83, 0x1E83, 1},
    {0x1E85, 0x1E85, 1},
    {0x1E87, 0x1E87, 1},
    {0x1E89, 0x1E89, 1},
    {0x1E8B, 0x1E8B, 1},
    {0x1E8D, 0x1E8D, 1},
    {0x1E8F, 0x1E8F, 1},
    {0x1E91, 0x1E91, 1},
    {0x1E93, 0x1E93, 1},
    {0x1E95, 0x1E9D, 1},
    {0x1E9F, 0x1E9F, 1},
    {0x1EA1, 0x1EA1, 1},
    {0x1EA3, 0x1EA3, 1},
    {0x1EA5, 0x1EA5, 1},
    {0x1EA7, 0x1EA7, 1},
    {0x1EA9, 0x1EA9, 1},
    {0x1EAB, 0x1EAB, 1},
    {0x1EAD, 0x1EAD, 1},
    {0x1EAF, 0x1EAF, 1},
    {0x1EB1, 0x1EB1, 1},
    {0x1EB3, 0x1EB3, 1},
    {0x1EB5, 0x1EB5, 1},
    {0x1EB7, 0x1EB7, 1},
    {0x1EB9, 0x1EB9, 1},
    {0x1EBB, 0x1EBB, 1},
    {0x1EBD, 0x1EBD, 1},
    {0x1EBF, 0x1EBF, 1},
    {0x1EC1, 0x1EC1, 1},
    {0x1EC3, 0x1EC3, 1},
    {0x1EC5, 0x1EC5, 1},
    {0x1EC7, 0x1EC7, 1},
    {0x1EC9, 0x1EC9, 1},
    {0x1ECB, 0x1ECB, 1},
    {0x1ECD, 0x1ECD, 1},
    {0x1ECF, 0x1ECF, 1},
    {0x1ED1, 0x1ED1, 1},
    {0x1ED3, 0x1ED3, 1},
    {0x1ED5, 0x1ED5, 1},
    {0x1ED7, 0x1ED7, 1},
    {0x1ED9, 0x1ED9, 1},
    {0x1EDB, 0x1EDB, 1},
    {0x1EDD, 0x1EDD, 1},
    {0x1EDF, 0x1EDF, 1},
    {0x1EE1, 0x1EE1, 1},
    {0x1EE3, 0x1EE3, 1},
    {0x1EE5, 0x1EE5, 1},
    {0x1EE7, 0x1EE7, 1},
    {0x1EE9, 0x1EE9, 1},
    {0x1EEB, 0x1EEB, 1},
    {0x1EED, 0x1EED, 1},
    {0x1EEF, 0x1EEF, 1},
    {0x1EF1, 0x1EF1, 1},
    {0x1EF3, 0x1EF3, 1},
    {0x1EF5, 0x1EF5, 1},
    {0x1EF7, 0x1EF7, 1},
    {0x1EF9, 0x1EF9, 1},
    {0x1EFB, 0x1EFB, 1},
    {0x1EFD, 0x1EFD, 1},
    {0x1EFF, 0x1F07, 1},
    {0x1F10, 0x1F15, 1},
    {0x1F20, 0x1F27, 1},
    {0x1F30, 0x1F37, 1},
    {0x1F40, 0x1F45, 1},
    {0x1F50, 0x1F57, 1},
    {0x1F60, 0x1F67, 1},
    {0x1F70, 0x1F7D, 1},
    {0x1F80, 0x1F87, 1},
    {0x1F90, 0x1F97, 1},
    {0x1FA0, 0x1FA7, 1},
    {0x1FB0, 0x1FB4, 1},
    {0x1FB6, 0x1FB7, 1},
    {0x1FBE, 0x1FBE, 1},
    {0x1FC2, 0x1FC4, 1},
    {0x1FC6, 0x1FC7, 1},
    {0x1FD0, 0x1FD3, 1},
    {0x1FD6, 0x1FD7, 1},
    {0x1FE0, 0x1FE7, 1},
    {0x1FF2, 0x1FF4, 1},
    {0x1FF6, 0x1FF7, 1},
    {0x210A, 0x210A, 1},
    {0x210E, 0x210F, 1},
    {0x2113, 0x2113, 1},
    {0x212F, 0x212F, 1},
    {0x2134, 0x2134, 1},
    {0x2139, 0x2139, 1},
    {0x213C, 0x213D, 1},
    {0x2146, 0x2149, 1},
    {0x214E, 0x214E, 1},
    {0x2184, 0x2184, 1},
    {0x2C30, 0x2C5F, 1},
    {0x2C61, 0x2C61, 1},
    {0x2C65, 0x2C66, 1},
    {0x2C68, 0x2C68, 1},
    {0x2C6A, 0x2C6A, 1},
    {0x2C6C, 0x2C6C, 1},
    {0x2C71, 0x2C71, 1},
    {0x2C73, 0x2C74, 1},
    {0x2C76, 0x2C7B, 1},
    {0x2C81, 0x2C81, 1},
    {0x2C83, 0x2C83, 1},
    {0x2C85, 0x2C85, 1},
    {0x2C87, 0x2C87, 1},
    {0x2C89, 0x2C89, 1},
    {0x2C8B, 0x2C8B, 1},
    {0x2C8D, 0x2C8D, 1},
    {0x2C8F, 0x2C8F, 1},
    {0x2C91, 0x2C91, 1},
    {0x2C93, 0x2C93, 1},
    {0x2C95, 0x2C95, 1},
    {0x2C97, 0x2C97, 1},
    {0x2C99, 0x2C99, 1},
    {0x2C9B, 0x2C9B, 1},
    {0x2C9D, 0x2C9D, 1},
    {0x2C9F, 0x2C9F, 1},
    {0x2CA1, 0x2CA1, 1},
    {0x2CA3, 0x2CA3, 1},
    {0x2CA5, 0x2CA5, 1},
    {0x2CA7, 0x2CA7, 1},
    {0x2CA9, 0x2CA9, 1},
    {0x2CAB, 0x2CAB, 1},
    {0x2CAD, 0x2CAD, 1},
    {0x2CAF, 0x2CAF, 1},
    {0x2CB1, 0x2CB1, 1},
    {0x2CB3, 0x2CB3, 1},
    {0x2CB5, 0x2CB5, 1},
    {0x2CB7, 0x2CB7, 1},
    {0x2CB9, 0x2CB9, 1},
    {0x2CBB, 0x2CBB, 1},
    {0x2CBD, 0x2CBD, 1},
    {0x2CBF, 0x2CBF, 1},
    {0x2CC1, 0x2CC1, 1},
    {0x2CC3, 0x2CC3, 1},
    {0x2CC5, 0x2CC5, 1},
    {0x2CC7, 0x2CC7, 1},
    {0x2CC9, 0x2CC9, 1},
    {0x2CCB, 0x2CCB, 1},
    {0x2CCD, 0x2CCD, 1},
    {0x2CCF, 0x2CCF, 1},
    {0x2CD1, 0x2CD1, 1},
    {0x2CD3, 0x2CD3, 1},
    {0x2CD5, 0x2CD5, 1},
    {0x2CD7, 0x2CD7, 1},
    {0x2CD9, 0x2CD9, 1},
    {0x2CDB, 0x2CDB, 1},
    {0x2CDD, 0x2CDD, 1},
    {0x2CDF, 0x2CDF, 1},
    {0x2CE1, 0x2CE1, 1},
    {0x2CE3, 0x2CE4, 1},
    {0x2CEC, 0x2CEC, 1},
    {0x2CEE, 0x2CEE, 1},
    {0x2CF3, 0x2CF3, 1},
    {0x2D00, 0x2D25, 1},
    {0x2D27, 0x2D27, 1},
    {0x2D2D, 0x2D2D, 1},
    {0xA641, 0xA641, 1},
    {0xA643, 0xA643, 1},
    {0xA645, 0xA645, 1},
    {0xA647, 0xA647, 1},
    {0xA649, 0xA649, 1},
    {0xA64B, 0xA64B, 1},
    {0xA64D, 0xA64D, 1},
    {0xA64F, 0xA64F, 1},
    {0xA651, 0xA651, 1},
    {0xA653, 0xA653, 1},
    {0xA655, 0xA655, 1},
    {0xA657, 0xA657, 1},
    {0xA659, 0xA659, 1},
    {0xA65B, 0xA65B, 1},
    {0xA65D, 0xA65D, 1},
    {0xA65F, 0xA65F, 1},
    {0xA661, 0xA661, 1},
    {0xA663, 0xA663, 1},
    {0xA665, 0xA665, 1},
    {0xA667, 0xA667, 1},
    {0xA669, 0xA669, 1},
    {0xA66B, 0xA66B, 1},
    {0xA66D, 0xA66D, 1},
    {0xA681, 0xA681, 1},
    {0xA683, 0xA683, 1},
    {0xA685, 0xA685, 1},
    {0xA687, 0xA687, 1},
    {0xA689, 0xA689, 1},
    {0xA68B, 0xA68B, 1},
    {0xA68D, 0xA68D, 1},
    {0xA68F, 0xA68F, 1},
    {0xA691, 0xA691, 1},
    {0xA693, 0xA693, 1},
    {0xA695, 0xA695, 1},
    {0xA697, 0xA697, 1},
    {0xA699, 0xA699, 1},
    {0xA69B, 0xA69B, 1},
    {0xA723, 0xA723, 1},
    {0xA725, 0xA725, 1},
    {0xA727, 0xA727, 1},
    {0xA729, 0xA729, 1},
    {0xA72B, 0xA72B, 1},
    {0xA72D, 0xA72D, 1},
    {0xA72F, 0xA731, 1},
    {0xA733, 0xA733, 1},
    {0xA735, 0xA735, 1},
    {0xA737, 0xA737, 1},
    {0xA739, 0xA739, 1},
    {0xA73B, 0xA73B, 1},
    {0xA73D, 0xA73D, 1},
    {0xA73F, 0xA73F, 1},
    {0xA741, 0xA741, 1},
    {0xA743, 0xA743, 1},
    {0xA745, 0xA745, 1},
    {0xA747, 0xA747, 1},
    {0xA749, 0xA749, 1},
    {0xA74B, 0xA74B, 1},
    {0xA74D, 0xA74D, 1},
    {0xA74F, 0xA74F, 1},
    {0xA751, 0xA751, 1},
    {0xA753, 0xA753, 1},
    {0xA755, 0xA755, 1},
    {0xA757, 0xA757, 1},
    {0xA759, 0xA759, 1},
    {0xA75B, 0xA75B, 1},
    {0xA75D, 0xA75D, 1},
    {0xA75F, 0xA75F, 1},
    {0xA761, 0xA761, 1},
    {0xA763, 0xA763, 1},
    {0xA765, 0xA765, 1},
    {0xA767, 0xA767, 1},
    {0xA769, 0xA769, 1},
    {0xA76B, 0xA76B, 1},
    {0xA76D, 0xA76D, 1},
    {0xA76F, 0xA76F, 1},
    {0xA771, 0xA778, 1},
    {0xA77A, 0xA77A, 1},
    {0xA77C, 0xA77C, 1},
    {0xA77F, 0xA77F, 1},
    {0xA781, 0xA781, 1},
    {0xA783, 0xA783, 1},
    {0xA785, 0xA785, 1},
    {0xA787, 0xA787, 1},
    {0xA78C, 0xA78C, 1},
    {0xA78E, 0xA78E, 1},
    {0xA791, 0xA791, 1},
    {0xA793, 0xA795, 1},
    {0xA797, 0xA797, 1},
    {0xA799, 0xA799, 1},
    {0xA79B, 0xA79B, 1},
    {0xA79D, 0xA79D, 1},
    {0xA79F, 0xA79F, 1},
    {0xA7A1, 0xA7A1, 1},
    {0xA7A3, 0xA7A3, 1},
    {0xA7A5, 0xA7A5, 1},
    {0xA7A7, 0xA7A7, 1},
    {0xA7A9, 0xA7A9, 1},
    {0xA7AF, 0xA7AF, 1},
    {0xA7B5, 0xA7B5, 1},
    {0xA7B7, 0xA7B7, 1},
    {0xA7B9, 0xA7B9, 1},
    {0xA7BB, 0xA7BB, 1},
    {0xA7BD, 0xA7BD, 1},
    {0xA7BF, 0xA7BF, 1},
    {0xA7C1, 0xA7C1, 1},
    {0xA7C3, 0xA7C3, 1},
    {0xA7C8, 0xA7C8, 1},
    {0xA7CA, 0xA7CA, 1},
    {0xA7D1, 0xA7D1, 1},
    {0xA7D3, 0xA7D3, 1},
    {0xA7D5, 0xA7D5, 1},
    {0xA7D7, 0xA7D7, 1},
    {0xA7D9, 0xA7D9, 1},
    {0xA7F6, 0xA7F6, 1},
    {0xA7FA, 0xA7FA, 1},
    {0xAB30, 0xAB5A, 1},
    {0xAB60, 0xAB68, 1},
    {0xAB70, 0xABBF, 1},
    {0xFB00, 0xFB06, 1},
    {0xFB13, 0xFB17, 1},
    {0xFF41, 0xFF5A, 1}
};
static const nci_ur32 nci_lower_r32[] = {
    {0x10428, 0x1044F, 1},
    {0x104D8, 0x104FB, 1},
    {0x10597, 0x105A1, 1},
    {0x105A3, 0x105B1, 1},
    {0x105B3, 0x105B9, 1},
    {0x105BB, 0x105BC, 1},
    {0x10CC0, 0x10CF2, 1},
    {0x118C0, 0x118DF, 1},
    {0x16E60, 0x16E7F, 1},
    {0x1D41A, 0x1D433, 1},
    {0x1D44E, 0x1D454, 1},
    {0x1D456, 0x1D467, 1},
    {0x1D482, 0x1D49B, 1},
    {0x1D4B6, 0x1D4B9, 1},
    {0x1D4BB, 0x1D4BB, 1},
    {0x1D4BD, 0x1D4C3, 1},
    {0x1D4C5, 0x1D4CF, 1},
    {0x1D4EA, 0x1D503, 1},
    {0x1D51E, 0x1D537, 1},
    {0x1D552, 0x1D56B, 1},
    {0x1D586, 0x1D59F, 1},
    {0x1D5BA, 0x1D5D3, 1},
    {0x1D5EE, 0x1D607, 1},
    {0x1D622, 0x1D63B, 1},
    {0x1D656, 0x1D66F, 1},
    {0x1D68A, 0x1D6A5, 1},
    {0x1D6C2, 0x1D6DA, 1},
    {0x1D6DC, 0x1D6E1, 1},
    {0x1D6FC, 0x1D714, 1},
    {0x1D716, 0x1D71B, 1},
    {0x1D736, 0x1D74E, 1},
    {0x1D750, 0x1D755, 1},
    {0x1D770, 0x1D788, 1},
    {0x1D78A, 0x1D78F, 1},
    {0x1D7AA, 0x1D7C2, 1},
    {0x1D7C4, 0x1D7C9, 1},
    {0x1D7CB, 0x1D7CB, 1},
    {0x1DF00, 0x1DF09, 1},
    {0x1DF0B, 0x1DF1E, 1},
    {0x1DF25, 0x1DF2A, 1},
    {0x1E922, 0x1E943, 1}
};
static const nci_utable nci_tab_lower = { nci_lower_r16, 617, nci_lower_r32, 41, 4 };

static const nci_ur16 nci_title_r16[] = {
    {0x01C5, 0x01C5, 1},
    {0x01C8, 0x01C8, 1},
    {0x01CB, 0x01CB, 1},
    {0x01F2, 0x01F2, 1},
    {0x1F88, 0x1F8F, 1},
    {0x1F98, 0x1F9F, 1},
    {0x1FA8, 0x1FAF, 1},
    {0x1FBC, 0x1FBC, 1},
    {0x1FCC, 0x1FCC, 1},
    {0x1FFC, 0x1FFC, 1}
};
static const nci_ur32 nci_title_r32[] = {
    {0x10000, 0x10000, 1}
};
static const nci_utable nci_tab_title = { nci_title_r16, 10, nci_title_r32, 0, 0 };

static const nci_ur16 nci_digit_r16[] = {
    {0x0030, 0x0039, 1},
    {0x0660, 0x0669, 1},
    {0x06F0, 0x06F9, 1},
    {0x07C0, 0x07C9, 1},
    {0x0966, 0x096F, 1},
    {0x09E6, 0x09EF, 1},
    {0x0A66, 0x0A6F, 1},
    {0x0AE6, 0x0AEF, 1},
    {0x0B66, 0x0B6F, 1},
    {0x0BE6, 0x0BEF, 1},
    {0x0C66, 0x0C6F, 1},
    {0x0CE6, 0x0CEF, 1},
    {0x0D66, 0x0D6F, 1},
    {0x0DE6, 0x0DEF, 1},
    {0x0E50, 0x0E59, 1},
    {0x0ED0, 0x0ED9, 1},
    {0x0F20, 0x0F29, 1},
    {0x1040, 0x1049, 1},
    {0x1090, 0x1099, 1},
    {0x17E0, 0x17E9, 1},
    {0x1810, 0x1819, 1},
    {0x1946, 0x194F, 1},
    {0x19D0, 0x19D9, 1},
    {0x1A80, 0x1A89, 1},
    {0x1A90, 0x1A99, 1},
    {0x1B50, 0x1B59, 1},
    {0x1BB0, 0x1BB9, 1},
    {0x1C40, 0x1C49, 1},
    {0x1C50, 0x1C59, 1},
    {0xA620, 0xA629, 1},
    {0xA8D0, 0xA8D9, 1},
    {0xA900, 0xA909, 1},
    {0xA9D0, 0xA9D9, 1},
    {0xA9F0, 0xA9F9, 1},
    {0xAA50, 0xAA59, 1},
    {0xABF0, 0xABF9, 1},
    {0xFF10, 0xFF19, 1}
};
static const nci_ur32 nci_digit_r32[] = {
    {0x104A0, 0x104A9, 1},
    {0x10D30, 0x10D39, 1},
    {0x11066, 0x1106F, 1},
    {0x110F0, 0x110F9, 1},
    {0x11136, 0x1113F, 1},
    {0x111D0, 0x111D9, 1},
    {0x112F0, 0x112F9, 1},
    {0x11450, 0x11459, 1},
    {0x114D0, 0x114D9, 1},
    {0x11650, 0x11659, 1},
    {0x116C0, 0x116C9, 1},
    {0x11730, 0x11739, 1},
    {0x118E0, 0x118E9, 1},
    {0x11950, 0x11959, 1},
    {0x11C50, 0x11C59, 1},
    {0x11D50, 0x11D59, 1},
    {0x11DA0, 0x11DA9, 1},
    {0x11F50, 0x11F59, 1},
    {0x16A60, 0x16A69, 1},
    {0x16AC0, 0x16AC9, 1},
    {0x16B50, 0x16B59, 1},
    {0x1D7CE, 0x1D7FF, 1},
    {0x1E140, 0x1E149, 1},
    {0x1E2F0, 0x1E2F9, 1},
    {0x1E4F0, 0x1E4F9, 1},
    {0x1E950, 0x1E959, 1},
    {0x1FBF0, 0x1FBF9, 1}
};
static const nci_utable nci_tab_digit = { nci_digit_r16, 37, nci_digit_r32, 27, 1 };

static const nci_ur16 nci_number_r16[] = {
    {0x0030, 0x0039, 1},
    {0x00B2, 0x00B3, 1},
    {0x00B9, 0x00B9, 1},
    {0x00BC, 0x00BE, 1},
    {0x0660, 0x0669, 1},
    {0x06F0, 0x06F9, 1},
    {0x07C0, 0x07C9, 1},
    {0x0966, 0x096F, 1},
    {0x09E6, 0x09EF, 1},
    {0x09F4, 0x09F9, 1},
    {0x0A66, 0x0A6F, 1},
    {0x0AE6, 0x0AEF, 1},
    {0x0B66, 0x0B6F, 1},
    {0x0B72, 0x0B77, 1},
    {0x0BE6, 0x0BF2, 1},
    {0x0C66, 0x0C6F, 1},
    {0x0C78, 0x0C7E, 1},
    {0x0CE6, 0x0CEF, 1},
    {0x0D58, 0x0D5E, 1},
    {0x0D66, 0x0D78, 1},
    {0x0DE6, 0x0DEF, 1},
    {0x0E50, 0x0E59, 1},
    {0x0ED0, 0x0ED9, 1},
    {0x0F20, 0x0F33, 1},
    {0x1040, 0x1049, 1},
    {0x1090, 0x1099, 1},
    {0x1369, 0x137C, 1},
    {0x16EE, 0x16F0, 1},
    {0x17E0, 0x17E9, 1},
    {0x17F0, 0x17F9, 1},
    {0x1810, 0x1819, 1},
    {0x1946, 0x194F, 1},
    {0x19D0, 0x19DA, 1},
    {0x1A80, 0x1A89, 1},
    {0x1A90, 0x1A99, 1},
    {0x1B50, 0x1B59, 1},
    {0x1BB0, 0x1BB9, 1},
    {0x1C40, 0x1C49, 1},
    {0x1C50, 0x1C59, 1},
    {0x2070, 0x2070, 1},
    {0x2074, 0x2079, 1},
    {0x2080, 0x2089, 1},
    {0x2150, 0x2182, 1},
    {0x2185, 0x2189, 1},
    {0x2460, 0x249B, 1},
    {0x24EA, 0x24FF, 1},
    {0x2776, 0x2793, 1},
    {0x2CFD, 0x2CFD, 1},
    {0x3007, 0x3007, 1},
    {0x3021, 0x3029, 1},
    {0x3038, 0x303A, 1},
    {0x3192, 0x3195, 1},
    {0x3220, 0x3229, 1},
    {0x3248, 0x324F, 1},
    {0x3251, 0x325F, 1},
    {0x3280, 0x3289, 1},
    {0x32B1, 0x32BF, 1},
    {0xA620, 0xA629, 1},
    {0xA6E6, 0xA6EF, 1},
    {0xA830, 0xA835, 1},
    {0xA8D0, 0xA8D9, 1},
    {0xA900, 0xA909, 1},
    {0xA9D0, 0xA9D9, 1},
    {0xA9F0, 0xA9F9, 1},
    {0xAA50, 0xAA59, 1},
    {0xABF0, 0xABF9, 1},
    {0xFF10, 0xFF19, 1}
};
static const nci_ur32 nci_number_r32[] = {
    {0x10107, 0x10133, 1},
    {0x10140, 0x10178, 1},
    {0x1018A, 0x1018B, 1},
    {0x102E1, 0x102FB, 1},
    {0x10320, 0x10323, 1},
    {0x10341, 0x10341, 1},
    {0x1034A, 0x1034A, 1},
    {0x103D1, 0x103D5, 1},
    {0x104A0, 0x104A9, 1},
    {0x10858, 0x1085F, 1},
    {0x10879, 0x1087F, 1},
    {0x108A7, 0x108AF, 1},
    {0x108FB, 0x108FF, 1},
    {0x10916, 0x1091B, 1},
    {0x109BC, 0x109BD, 1},
    {0x109C0, 0x109CF, 1},
    {0x109D2, 0x109FF, 1},
    {0x10A40, 0x10A48, 1},
    {0x10A7D, 0x10A7E, 1},
    {0x10A9D, 0x10A9F, 1},
    {0x10AEB, 0x10AEF, 1},
    {0x10B58, 0x10B5F, 1},
    {0x10B78, 0x10B7F, 1},
    {0x10BA9, 0x10BAF, 1},
    {0x10CFA, 0x10CFF, 1},
    {0x10D30, 0x10D39, 1},
    {0x10E60, 0x10E7E, 1},
    {0x10F1D, 0x10F26, 1},
    {0x10F51, 0x10F54, 1},
    {0x10FC5, 0x10FCB, 1},
    {0x11052, 0x1106F, 1},
    {0x110F0, 0x110F9, 1},
    {0x11136, 0x1113F, 1},
    {0x111D0, 0x111D9, 1},
    {0x111E1, 0x111F4, 1},
    {0x112F0, 0x112F9, 1},
    {0x11450, 0x11459, 1},
    {0x114D0, 0x114D9, 1},
    {0x11650, 0x11659, 1},
    {0x116C0, 0x116C9, 1},
    {0x11730, 0x1173B, 1},
    {0x118E0, 0x118F2, 1},
    {0x11950, 0x11959, 1},
    {0x11C50, 0x11C6C, 1},
    {0x11D50, 0x11D59, 1},
    {0x11DA0, 0x11DA9, 1},
    {0x11F50, 0x11F59, 1},
    {0x11FC0, 0x11FD4, 1},
    {0x12400, 0x1246E, 1},
    {0x16A60, 0x16A69, 1},
    {0x16AC0, 0x16AC9, 1},
    {0x16B50, 0x16B59, 1},
    {0x16B5B, 0x16B61, 1},
    {0x16E80, 0x16E96, 1},
    {0x1D2C0, 0x1D2D3, 1},
    {0x1D2E0, 0x1D2F3, 1},
    {0x1D360, 0x1D378, 1},
    {0x1D7CE, 0x1D7FF, 1},
    {0x1E140, 0x1E149, 1},
    {0x1E2F0, 0x1E2F9, 1},
    {0x1E4F0, 0x1E4F9, 1},
    {0x1E8C7, 0x1E8CF, 1},
    {0x1E950, 0x1E959, 1},
    {0x1EC71, 0x1ECAB, 1},
    {0x1ECAD, 0x1ECAF, 1},
    {0x1ECB1, 0x1ECB4, 1},
    {0x1ED01, 0x1ED2D, 1},
    {0x1ED2F, 0x1ED3D, 1},
    {0x1F100, 0x1F10C, 1},
    {0x1FBF0, 0x1FBF9, 1}
};
static const nci_utable nci_tab_number = { nci_number_r16, 67, nci_number_r32, 70, 4 };

static const nci_ur16 nci_punct_r16[] = {
    {0x0021, 0x0023, 1},
    {0x0025, 0x002A, 1},
    {0x002C, 0x002F, 1},
    {0x003A, 0x003B, 1},
    {0x003F, 0x0040, 1},
    {0x005B, 0x005D, 1},
    {0x005F, 0x005F, 1},
    {0x007B, 0x007B, 1},
    {0x007D, 0x007D, 1},
    {0x00A1, 0x00A1, 1},
    {0x00A7, 0x00A7, 1},
    {0x00AB, 0x00AB, 1},
    {0x00B6, 0x00B7, 1},
    {0x00BB, 0x00BB, 1},
    {0x00BF, 0x00BF, 1},
    {0x037E, 0x037E, 1},
    {0x0387, 0x0387, 1},
    {0x055A, 0x055F, 1},
    {0x0589, 0x058A, 1},
    {0x05BE, 0x05BE, 1},
    {0x05C0, 0x05C0, 1},
    {0x05C3, 0x05C3, 1},
    {0x05C6, 0x05C6, 1},
    {0x05F3, 0x05F4, 1},
    {0x0609, 0x060A, 1},
    {0x060C, 0x060D, 1},
    {0x061B, 0x061B, 1},
    {0x061D, 0x061F, 1},
    {0x066A, 0x066D, 1},
    {0x06D4, 0x06D4, 1},
    {0x0700, 0x070D, 1},
    {0x07F7, 0x07F9, 1},
    {0x0830, 0x083E, 1},
    {0x085E, 0x085E, 1},
    {0x0964, 0x0965, 1},
    {0x0970, 0x0970, 1},
    {0x09FD, 0x09FD, 1},
    {0x0A76, 0x0A76, 1},
    {0x0AF0, 0x0AF0, 1},
    {0x0C77, 0x0C77, 1},
    {0x0C84, 0x0C84, 1},
    {0x0DF4, 0x0DF4, 1},
    {0x0E4F, 0x0E4F, 1},
    {0x0E5A, 0x0E5B, 1},
    {0x0F04, 0x0F12, 1},
    {0x0F14, 0x0F14, 1},
    {0x0F3A, 0x0F3D, 1},
    {0x0F85, 0x0F85, 1},
    {0x0FD0, 0x0FD4, 1},
    {0x0FD9, 0x0FDA, 1},
    {0x104A, 0x104F, 1},
    {0x10FB, 0x10FB, 1},
    {0x1360, 0x1368, 1},
    {0x1400, 0x1400, 1},
    {0x166E, 0x166E, 1},
    {0x169B, 0x169C, 1},
    {0x16EB, 0x16ED, 1},
    {0x1735, 0x1736, 1},
    {0x17D4, 0x17D6, 1},
    {0x17D8, 0x17DA, 1},
    {0x1800, 0x180A, 1},
    {0x1944, 0x1945, 1},
    {0x1A1E, 0x1A1F, 1},
    {0x1AA0, 0x1AA6, 1},
    {0x1AA8, 0x1AAD, 1},
    {0x1B5A, 0x1B60, 1},
    {0x1B7D, 0x1B7E, 1},
    {0x1BFC, 0x1BFF, 1},
    {0x1C3B, 0x1C3F, 1},
    {0x1C7E, 0x1C7F, 1},
    {0x1CC0, 0x1CC7, 1},
    {0x1CD3, 0x1CD3, 1},
    {0x2010, 0x2027, 1},
    {0x2030, 0x2043, 1},
    {0x2045, 0x2051, 1},
    {0x2053, 0x205E, 1},
    {0x207D, 0x207E, 1},
    {0x208D, 0x208E, 1},
    {0x2308, 0x230B, 1},
    {0x2329, 0x232A, 1},
    {0x2768, 0x2775, 1},
    {0x27C5, 0x27C6, 1},
    {0x27E6, 0x27EF, 1},
    {0x2983, 0x2998, 1},
    {0x29D8, 0x29DB, 1},
    {0x29FC, 0x29FD, 1},
    {0x2CF9, 0x2CFC, 1},
    {0x2CFE, 0x2CFF, 1},
    {0x2D70, 0x2D70, 1},
    {0x2E00, 0x2E2E, 1},
    {0x2E30, 0x2E4F, 1},
    {0x2E52, 0x2E5D, 1},
    {0x3001, 0x3003, 1},
    {0x3008, 0x3011, 1},
    {0x3014, 0x301F, 1},
    {0x3030, 0x3030, 1},
    {0x303D, 0x303D, 1},
    {0x30A0, 0x30A0, 1},
    {0x30FB, 0x30FB, 1},
    {0xA4FE, 0xA4FF, 1},
    {0xA60D, 0xA60F, 1},
    {0xA673, 0xA673, 1},
    {0xA67E, 0xA67E, 1},
    {0xA6F2, 0xA6F7, 1},
    {0xA874, 0xA877, 1},
    {0xA8CE, 0xA8CF, 1},
    {0xA8F8, 0xA8FA, 1},
    {0xA8FC, 0xA8FC, 1},
    {0xA92E, 0xA92F, 1},
    {0xA95F, 0xA95F, 1},
    {0xA9C1, 0xA9CD, 1},
    {0xA9DE, 0xA9DF, 1},
    {0xAA5C, 0xAA5F, 1},
    {0xAADE, 0xAADF, 1},
    {0xAAF0, 0xAAF1, 1},
    {0xABEB, 0xABEB, 1},
    {0xFD3E, 0xFD3F, 1},
    {0xFE10, 0xFE19, 1},
    {0xFE30, 0xFE52, 1},
    {0xFE54, 0xFE61, 1},
    {0xFE63, 0xFE63, 1},
    {0xFE68, 0xFE68, 1},
    {0xFE6A, 0xFE6B, 1},
    {0xFF01, 0xFF03, 1},
    {0xFF05, 0xFF0A, 1},
    {0xFF0C, 0xFF0F, 1},
    {0xFF1A, 0xFF1B, 1},
    {0xFF1F, 0xFF20, 1},
    {0xFF3B, 0xFF3D, 1},
    {0xFF3F, 0xFF3F, 1},
    {0xFF5B, 0xFF5B, 1},
    {0xFF5D, 0xFF5D, 1},
    {0xFF5F, 0xFF65, 1}
};
static const nci_ur32 nci_punct_r32[] = {
    {0x10100, 0x10102, 1},
    {0x1039F, 0x1039F, 1},
    {0x103D0, 0x103D0, 1},
    {0x1056F, 0x1056F, 1},
    {0x10857, 0x10857, 1},
    {0x1091F, 0x1091F, 1},
    {0x1093F, 0x1093F, 1},
    {0x10A50, 0x10A58, 1},
    {0x10A7F, 0x10A7F, 1},
    {0x10AF0, 0x10AF6, 1},
    {0x10B39, 0x10B3F, 1},
    {0x10B99, 0x10B9C, 1},
    {0x10EAD, 0x10EAD, 1},
    {0x10F55, 0x10F59, 1},
    {0x10F86, 0x10F89, 1},
    {0x11047, 0x1104D, 1},
    {0x110BB, 0x110BC, 1},
    {0x110BE, 0x110C1, 1},
    {0x11140, 0x11143, 1},
    {0x11174, 0x11175, 1},
    {0x111C5, 0x111C8, 1},
    {0x111CD, 0x111CD, 1},
    {0x111DB, 0x111DB, 1},
    {0x111DD, 0x111DF, 1},
    {0x11238, 0x1123D, 1},
    {0x112A9, 0x112A9, 1},
    {0x1144B, 0x1144F, 1},
    {0x1145A, 0x1145B, 1},
    {0x1145D, 0x1145D, 1},
    {0x114C6, 0x114C6, 1},
    {0x115C1, 0x115D7, 1},
    {0x11641, 0x11643, 1},
    {0x11660, 0x1166C, 1},
    {0x116B9, 0x116B9, 1},
    {0x1173C, 0x1173E, 1},
    {0x1183B, 0x1183B, 1},
    {0x11944, 0x11946, 1},
    {0x119E2, 0x119E2, 1},
    {0x11A3F, 0x11A46, 1},
    {0x11A9A, 0x11A9C, 1},
    {0x11A9E, 0x11AA2, 1},
    {0x11B00, 0x11B09, 1},
    {0x11C41, 0x11C45, 1},
    {0x11C70, 0x11C71, 1},
    {0x11EF7, 0x11EF8, 1},
    {0x11F43, 0x11F4F, 1},
    {0x11FFF, 0x11FFF, 1},
    {0x12470, 0x12474, 1},
    {0x12FF1, 0x12FF2, 1},
    {0x16A6E, 0x16A6F, 1},
    {0x16AF5, 0x16AF5, 1},
    {0x16B37, 0x16B3B, 1},
    {0x16B44, 0x16B44, 1},
    {0x16E97, 0x16E9A, 1},
    {0x16FE2, 0x16FE2, 1},
    {0x1BC9F, 0x1BC9F, 1},
    {0x1DA87, 0x1DA8B, 1},
    {0x1E95E, 0x1E95F, 1}
};
static const nci_utable nci_tab_punct = { nci_punct_r16, 133, nci_punct_r32, 58, 15 };

static const nci_ur16 nci_symbol_r16[] = {
    {0x0024, 0x0024, 1},
    {0x002B, 0x002B, 1},
    {0x003C, 0x003E, 1},
    {0x005E, 0x005E, 1},
    {0x0060, 0x0060, 1},
    {0x007C, 0x007C, 1},
    {0x007E, 0x007E, 1},
    {0x00A2, 0x00A6, 1},
    {0x00A8, 0x00A9, 1},
    {0x00AC, 0x00AC, 1},
    {0x00AE, 0x00B1, 1},
    {0x00B4, 0x00B4, 1},
    {0x00B8, 0x00B8, 1},
    {0x00D7, 0x00D7, 1},
    {0x00F7, 0x00F7, 1},
    {0x02C2, 0x02C5, 1},
    {0x02D2, 0x02DF, 1},
    {0x02E5, 0x02EB, 1},
    {0x02ED, 0x02ED, 1},
    {0x02EF, 0x02FF, 1},
    {0x0375, 0x0375, 1},
    {0x0384, 0x0385, 1},
    {0x03F6, 0x03F6, 1},
    {0x0482, 0x0482, 1},
    {0x058D, 0x058F, 1},
    {0x0606, 0x0608, 1},
    {0x060B, 0x060B, 1},
    {0x060E, 0x060F, 1},
    {0x06DE, 0x06DE, 1},
    {0x06E9, 0x06E9, 1},
    {0x06FD, 0x06FE, 1},
    {0x07F6, 0x07F6, 1},
    {0x07FE, 0x07FF, 1},
    {0x0888, 0x0888, 1},
    {0x09F2, 0x09F3, 1},
    {0x09FA, 0x09FB, 1},
    {0x0AF1, 0x0AF1, 1},
    {0x0B70, 0x0B70, 1},
    {0x0BF3, 0x0BFA, 1},
    {0x0C7F, 0x0C7F, 1},
    {0x0D4F, 0x0D4F, 1},
    {0x0D79, 0x0D79, 1},
    {0x0E3F, 0x0E3F, 1},
    {0x0F01, 0x0F03, 1},
    {0x0F13, 0x0F13, 1},
    {0x0F15, 0x0F17, 1},
    {0x0F1A, 0x0F1F, 1},
    {0x0F34, 0x0F34, 1},
    {0x0F36, 0x0F36, 1},
    {0x0F38, 0x0F38, 1},
    {0x0FBE, 0x0FC5, 1},
    {0x0FC7, 0x0FCC, 1},
    {0x0FCE, 0x0FCF, 1},
    {0x0FD5, 0x0FD8, 1},
    {0x109E, 0x109F, 1},
    {0x1390, 0x1399, 1},
    {0x166D, 0x166D, 1},
    {0x17DB, 0x17DB, 1},
    {0x1940, 0x1940, 1},
    {0x19DE, 0x19FF, 1},
    {0x1B61, 0x1B6A, 1},
    {0x1B74, 0x1B7C, 1},
    {0x1FBD, 0x1FBD, 1},
    {0x1FBF, 0x1FC1, 1},
    {0x1FCD, 0x1FCF, 1},
    {0x1FDD, 0x1FDF, 1},
    {0x1FED, 0x1FEF, 1},
    {0x1FFD, 0x1FFE, 1},
    {0x2044, 0x2044, 1},
    {0x2052, 0x2052, 1},
    {0x207A, 0x207C, 1},
    {0x208A, 0x208C, 1},
    {0x20A0, 0x20C0, 1},
    {0x2100, 0x2101, 1},
    {0x2103, 0x2106, 1},
    {0x2108, 0x2109, 1},
    {0x2114, 0x2114, 1},
    {0x2116, 0x2118, 1},
    {0x211E, 0x2123, 1},
    {0x2125, 0x2125, 1},
    {0x2127, 0x2127, 1},
    {0x2129, 0x2129, 1},
    {0x212E, 0x212E, 1},
    {0x213A, 0x213B, 1},
    {0x2140, 0x2144, 1},
    {0x214A, 0x214D, 1},
    {0x214F, 0x214F, 1},
    {0x218A, 0x218B, 1},
    {0x2190, 0x2307, 1},
    {0x230C, 0x2328, 1},
    {0x232B, 0x2426, 1},
    {0x2440, 0x244A, 1},
    {0x249C, 0x24E9, 1},
    {0x2500, 0x2767, 1},
    {0x2794, 0x27C4, 1},
    {0x27C7, 0x27E5, 1},
    {0x27F0, 0x2982, 1},
    {0x2999, 0x29D7, 1},
    {0x29DC, 0x29FB, 1},
    {0x29FE, 0x2B73, 1},
    {0x2B76, 0x2B95, 1},
    {0x2B97, 0x2BFF, 1},
    {0x2CE5, 0x2CEA, 1},
    {0x2E50, 0x2E51, 1},
    {0x2E80, 0x2E99, 1},
    {0x2E9B, 0x2EF3, 1},
    {0x2F00, 0x2FD5, 1},
    {0x2FF0, 0x2FFB, 1},
    {0x3004, 0x3004, 1},
    {0x3012, 0x3013, 1},
    {0x3020, 0x3020, 1},
    {0x3036, 0x3037, 1},
    {0x303E, 0x303F, 1},
    {0x309B, 0x309C, 1},
    {0x3190, 0x3191, 1},
    {0x3196, 0x319F, 1},
    {0x31C0, 0x31E3, 1},
    {0x3200, 0x321E, 1},
    {0x322A, 0x3247, 1},
    {0x3250, 0x3250, 1},
    {0x3260, 0x327F, 1},
    {0x328A, 0x32B0, 1},
    {0x32C0, 0x33FF, 1},
    {0x4DC0, 0x4DFF, 1},
    {0xA490, 0xA4C6, 1},
    {0xA700, 0xA716, 1},
    {0xA720, 0xA721, 1},
    {0xA789, 0xA78A, 1},
    {0xA828, 0xA82B, 1},
    {0xA836, 0xA839, 1},
    {0xAA77, 0xAA79, 1},
    {0xAB5B, 0xAB5B, 1},
    {0xAB6A, 0xAB6B, 1},
    {0xFB29, 0xFB29, 1},
    {0xFBB2, 0xFBC2, 1},
    {0xFD40, 0xFD4F, 1},
    {0xFDCF, 0xFDCF, 1},
    {0xFDFC, 0xFDFF, 1},
    {0xFE62, 0xFE62, 1},
    {0xFE64, 0xFE66, 1},
    {0xFE69, 0xFE69, 1},
    {0xFF04, 0xFF04, 1},
    {0xFF0B, 0xFF0B, 1},
    {0xFF1C, 0xFF1E, 1},
    {0xFF3E, 0xFF3E, 1},
    {0xFF40, 0xFF40, 1},
    {0xFF5C, 0xFF5C, 1},
    {0xFF5E, 0xFF5E, 1},
    {0xFFE0, 0xFFE6, 1},
    {0xFFE8, 0xFFEE, 1},
    {0xFFFC, 0xFFFD, 1}
};
static const nci_ur32 nci_symbol_r32[] = {
    {0x10137, 0x1013F, 1},
    {0x10179, 0x10189, 1},
    {0x1018C, 0x1018E, 1},
    {0x10190, 0x1019C, 1},
    {0x101A0, 0x101A0, 1},
    {0x101D0, 0x101FC, 1},
    {0x10877, 0x10878, 1},
    {0x10AC8, 0x10AC8, 1},
    {0x1173F, 0x1173F, 1},
    {0x11FD5, 0x11FF1, 1},
    {0x16B3C, 0x16B3F, 1},
    {0x16B45, 0x16B45, 1},
    {0x1BC9C, 0x1BC9C, 1},
    {0x1CF50, 0x1CFC3, 1},
    {0x1D000, 0x1D0F5, 1},
    {0x1D100, 0x1D126, 1},
    {0x1D129, 0x1D164, 1},
    {0x1D16A, 0x1D16C, 1},
    {0x1D183, 0x1D184, 1},
    {0x1D18C, 0x1D1A9, 1},
    {0x1D1AE, 0x1D1EA, 1},
    {0x1D200, 0x1D241, 1},
    {0x1D245, 0x1D245, 1},
    {0x1D300, 0x1D356, 1},
    {0x1D6C1, 0x1D6C1, 1},
    {0x1D6DB, 0x1D6DB, 1},
    {0x1D6FB, 0x1D6FB, 1},
    {0x1D715, 0x1D715, 1},
    {0x1D735, 0x1D735, 1},
    {0x1D74F, 0x1D74F, 1},
    {0x1D76F, 0x1D76F, 1},
    {0x1D789, 0x1D789, 1},
    {0x1D7A9, 0x1D7A9, 1},
    {0x1D7C3, 0x1D7C3, 1},
    {0x1D800, 0x1D9FF, 1},
    {0x1DA37, 0x1DA3A, 1},
    {0x1DA6D, 0x1DA74, 1},
    {0x1DA76, 0x1DA83, 1},
    {0x1DA85, 0x1DA86, 1},
    {0x1E14F, 0x1E14F, 1},
    {0x1E2FF, 0x1E2FF, 1},
    {0x1ECAC, 0x1ECAC, 1},
    {0x1ECB0, 0x1ECB0, 1},
    {0x1ED2E, 0x1ED2E, 1},
    {0x1EEF0, 0x1EEF1, 1},
    {0x1F000, 0x1F02B, 1},
    {0x1F030, 0x1F093, 1},
    {0x1F0A0, 0x1F0AE, 1},
    {0x1F0B1, 0x1F0BF, 1},
    {0x1F0C1, 0x1F0CF, 1},
    {0x1F0D1, 0x1F0F5, 1},
    {0x1F10D, 0x1F1AD, 1},
    {0x1F1E6, 0x1F202, 1},
    {0x1F210, 0x1F23B, 1},
    {0x1F240, 0x1F248, 1},
    {0x1F250, 0x1F251, 1},
    {0x1F260, 0x1F265, 1},
    {0x1F300, 0x1F6D7, 1},
    {0x1F6DC, 0x1F6EC, 1},
    {0x1F6F0, 0x1F6FC, 1},
    {0x1F700, 0x1F776, 1},
    {0x1F77B, 0x1F7D9, 1},
    {0x1F7E0, 0x1F7EB, 1},
    {0x1F7F0, 0x1F7F0, 1},
    {0x1F800, 0x1F80B, 1},
    {0x1F810, 0x1F847, 1},
    {0x1F850, 0x1F859, 1},
    {0x1F860, 0x1F887, 1},
    {0x1F890, 0x1F8AD, 1},
    {0x1F8B0, 0x1F8B1, 1},
    {0x1F900, 0x1FA53, 1},
    {0x1FA60, 0x1FA6D, 1},
    {0x1FA70, 0x1FA7C, 1},
    {0x1FA80, 0x1FA88, 1},
    {0x1FA90, 0x1FABD, 1},
    {0x1FABF, 0x1FAC5, 1},
    {0x1FACE, 0x1FADB, 1},
    {0x1FAE0, 0x1FAE8, 1},
    {0x1FAF0, 0x1FAF8, 1},
    {0x1FB00, 0x1FB92, 1},
    {0x1FB94, 0x1FBCA, 1}
};
static const nci_utable nci_tab_symbol = { nci_symbol_r16, 151, nci_symbol_r32, 81, 15 };

static const nci_ur16 nci_mark_r16[] = {
    {0x0300, 0x036F, 1},
    {0x0483, 0x0489, 1},
    {0x0591, 0x05BD, 1},
    {0x05BF, 0x05BF, 1},
    {0x05C1, 0x05C2, 1},
    {0x05C4, 0x05C5, 1},
    {0x05C7, 0x05C7, 1},
    {0x0610, 0x061A, 1},
    {0x064B, 0x065F, 1},
    {0x0670, 0x0670, 1},
    {0x06D6, 0x06DC, 1},
    {0x06DF, 0x06E4, 1},
    {0x06E7, 0x06E8, 1},
    {0x06EA, 0x06ED, 1},
    {0x0711, 0x0711, 1},
    {0x0730, 0x074A, 1},
    {0x07A6, 0x07B0, 1},
    {0x07EB, 0x07F3, 1},
    {0x07FD, 0x07FD, 1},
    {0x0816, 0x0819, 1},
    {0x081B, 0x0823, 1},
    {0x0825, 0x0827, 1},
    {0x0829, 0x082D, 1},
    {0x0859, 0x085B, 1},
    {0x0898, 0x089F, 1},
    {0x08CA, 0x08E1, 1},
    {0x08E3, 0x0903, 1},
    {0x093A, 0x093C, 1},
    {0x093E, 0x094F, 1},
    {0x0951, 0x0957, 1},
    {0x0962, 0x0963, 1},
    {0x0981, 0x0983, 1},
    {0x09BC, 0x09BC, 1},
    {0x09BE, 0x09C4, 1},
    {0x09C7, 0x09C8, 1},
    {0x09CB, 0x09CD, 1},
    {0x09D7, 0x09D7, 1},
    {0x09E2, 0x09E3, 1},
    {0x09FE, 0x09FE, 1},
    {0x0A01, 0x0A03, 1},
    {0x0A3C, 0x0A3C, 1},
    {0x0A3E, 0x0A42, 1},
    {0x0A47, 0x0A48, 1},
    {0x0A4B, 0x0A4D, 1},
    {0x0A51, 0x0A51, 1},
    {0x0A70, 0x0A71, 1},
    {0x0A75, 0x0A75, 1},
    {0x0A81, 0x0A83, 1},
    {0x0ABC, 0x0ABC, 1},
    {0x0ABE, 0x0AC5, 1},
    {0x0AC7, 0x0AC9, 1},
    {0x0ACB, 0x0ACD, 1},
    {0x0AE2, 0x0AE3, 1},
    {0x0AFA, 0x0AFF, 1},
    {0x0B01, 0x0B03, 1},
    {0x0B3C, 0x0B3C, 1},
    {0x0B3E, 0x0B44, 1},
    {0x0B47, 0x0B48, 1},
    {0x0B4B, 0x0B4D, 1},
    {0x0B55, 0x0B57, 1},
    {0x0B62, 0x0B63, 1},
    {0x0B82, 0x0B82, 1},
    {0x0BBE, 0x0BC2, 1},
    {0x0BC6, 0x0BC8, 1},
    {0x0BCA, 0x0BCD, 1},
    {0x0BD7, 0x0BD7, 1},
    {0x0C00, 0x0C04, 1},
    {0x0C3C, 0x0C3C, 1},
    {0x0C3E, 0x0C44, 1},
    {0x0C46, 0x0C48, 1},
    {0x0C4A, 0x0C4D, 1},
    {0x0C55, 0x0C56, 1},
    {0x0C62, 0x0C63, 1},
    {0x0C81, 0x0C83, 1},
    {0x0CBC, 0x0CBC, 1},
    {0x0CBE, 0x0CC4, 1},
    {0x0CC6, 0x0CC8, 1},
    {0x0CCA, 0x0CCD, 1},
    {0x0CD5, 0x0CD6, 1},
    {0x0CE2, 0x0CE3, 1},
    {0x0CF3, 0x0CF3, 1},
    {0x0D00, 0x0D03, 1},
    {0x0D3B, 0x0D3C, 1},
    {0x0D3E, 0x0D44, 1},
    {0x0D46, 0x0D48, 1},
    {0x0D4A, 0x0D4D, 1},
    {0x0D57, 0x0D57, 1},
    {0x0D62, 0x0D63, 1},
    {0x0D81, 0x0D83, 1},
    {0x0DCA, 0x0DCA, 1},
    {0x0DCF, 0x0DD4, 1},
    {0x0DD6, 0x0DD6, 1},
    {0x0DD8, 0x0DDF, 1},
    {0x0DF2, 0x0DF3, 1},
    {0x0E31, 0x0E31, 1},
    {0x0E34, 0x0E3A, 1},
    {0x0E47, 0x0E4E, 1},
    {0x0EB1, 0x0EB1, 1},
    {0x0EB4, 0x0EBC, 1},
    {0x0EC8, 0x0ECE, 1},
    {0x0F18, 0x0F19, 1},
    {0x0F35, 0x0F35, 1},
    {0x0F37, 0x0F37, 1},
    {0x0F39, 0x0F39, 1},
    {0x0F3E, 0x0F3F, 1},
    {0x0F71, 0x0F84, 1},
    {0x0F86, 0x0F87, 1},
    {0x0F8D, 0x0F97, 1},
    {0x0F99, 0x0FBC, 1},
    {0x0FC6, 0x0FC6, 1},
    {0x102B, 0x103E, 1},
    {0x1056, 0x1059, 1},
    {0x105E, 0x1060, 1},
    {0x1062, 0x1064, 1},
    {0x1067, 0x106D, 1},
    {0x1071, 0x1074, 1},
    {0x1082, 0x108D, 1},
    {0x108F, 0x108F, 1},
    {0x109A, 0x109D, 1},
    {0x135D, 0x135F, 1},
    {0x1712, 0x1715, 1},
    {0x1732, 0x1734, 1},
    {0x1752, 0x1753, 1},
    {0x1772, 0x1773, 1},
    {0x17B4, 0x17D3, 1},
    {0x17DD, 0x17DD, 1},
    {0x180B, 0x180D, 1},
    {0x180F, 0x180F, 1},
    {0x1885, 0x1886, 1},
    {0x18A9, 0x18A9, 1},
    {0x1920, 0x192B, 1},
    {0x1930, 0x193B, 1},
    {0x1A17, 0x1A1B, 1},
    {0x1A55, 0x1A5E, 1},
    {0x1A60, 0x1A7C, 1},
    {0x1A7F, 0x1A7F, 1},
    {0x1AB0, 0x1ACE, 1},
    {0x1B00, 0x1B04, 1},
    {0x1B34, 0x1B44, 1},
    {0x1B6B, 0x1B73, 1},
    {0x1B80, 0x1B82, 1},
    {0x1BA1, 0x1BAD, 1},
    {0x1BE6, 0x1BF3, 1},
    {0x1C24, 0x1C37, 1},
    {0x1CD0, 0x1CD2, 1},
    {0x1CD4, 0x1CE8, 1},
    {0x1CED, 0x1CED, 1},
    {0x1CF4, 0x1CF4, 1},
    {0x1CF7, 0x1CF9, 1},
    {0x1DC0, 0x1DFF, 1},
    {0x20D0, 0x20F0, 1},
    {0x2CEF, 0x2CF1, 1},
    {0x2D7F, 0x2D7F, 1},
    {0x2DE0, 0x2DFF, 1},
    {0x302A, 0x302F, 1},
    {0x3099, 0x309A, 1},
    {0xA66F, 0xA672, 1},
    {0xA674, 0xA67D, 1},
    {0xA69E, 0xA69F, 1},
    {0xA6F0, 0xA6F1, 1},
    {0xA802, 0xA802, 1},
    {0xA806, 0xA806, 1},
    {0xA80B, 0xA80B, 1},
    {0xA823, 0xA827, 1},
    {0xA82C, 0xA82C, 1},
    {0xA880, 0xA881, 1},
    {0xA8B4, 0xA8C5, 1},
    {0xA8E0, 0xA8F1, 1},
    {0xA8FF, 0xA8FF, 1},
    {0xA926, 0xA92D, 1},
    {0xA947, 0xA953, 1},
    {0xA980, 0xA983, 1},
    {0xA9B3, 0xA9C0, 1},
    {0xA9E5, 0xA9E5, 1},
    {0xAA29, 0xAA36, 1},
    {0xAA43, 0xAA43, 1},
    {0xAA4C, 0xAA4D, 1},
    {0xAA7B, 0xAA7D, 1},
    {0xAAB0, 0xAAB0, 1},
    {0xAAB2, 0xAAB4, 1},
    {0xAAB7, 0xAAB8, 1},
    {0xAABE, 0xAABF, 1},
    {0xAAC1, 0xAAC1, 1},
    {0xAAEB, 0xAAEF, 1},
    {0xAAF5, 0xAAF6, 1},
    {0xABE3, 0xABEA, 1},
    {0xABEC, 0xABED, 1},
    {0xFB1E, 0xFB1E, 1},
    {0xFE00, 0xFE0F, 1},
    {0xFE20, 0xFE2F, 1}
};
static const nci_ur32 nci_mark_r32[] = {
    {0x101FD, 0x101FD, 1},
    {0x102E0, 0x102E0, 1},
    {0x10376, 0x1037A, 1},
    {0x10A01, 0x10A03, 1},
    {0x10A05, 0x10A06, 1},
    {0x10A0C, 0x10A0F, 1},
    {0x10A38, 0x10A3A, 1},
    {0x10A3F, 0x10A3F, 1},
    {0x10AE5, 0x10AE6, 1},
    {0x10D24, 0x10D27, 1},
    {0x10EAB, 0x10EAC, 1},
    {0x10EFD, 0x10EFF, 1},
    {0x10F46, 0x10F50, 1},
    {0x10F82, 0x10F85, 1},
    {0x11000, 0x11002, 1},
    {0x11038, 0x11046, 1},
    {0x11070, 0x11070, 1},
    {0x11073, 0x11074, 1},
    {0x1107F, 0x11082, 1},
    {0x110B0, 0x110BA, 1},
    {0x110C2, 0x110C2, 1},
    {0x11100, 0x11102, 1},
    {0x11127, 0x11134, 1},
    {0x11145, 0x11146, 1},
    {0x11173, 0x11173, 1},
    {0x11180, 0x11182, 1},
    {0x111B3, 0x111C0, 1},
    {0x111C9, 0x111CC, 1},
    {0x111CE, 0x111CF, 1},
    {0x1122C, 0x11237, 1},
    {0x1123E, 0x1123E, 1},
    {0x11241, 0x11241, 1},
    {0x112DF, 0x112EA, 1},
    {0x11300, 0x11303, 1},
    {0x1133B, 0x1133C, 1},
    {0x1133E, 0x11344, 1},
    {0x11347, 0x11348, 1},
    {0x1134B, 0x1134D, 1},
    {0x11357, 0x11357, 1},
    {0x11362, 0x11363, 1},
    {0x11366, 0x1136C, 1},
    {0x11370, 0x11374, 1},
    {0x11435, 0x11446, 1},
    {0x1145E, 0x1145E, 1},
    {0x114B0, 0x114C3, 1},
    {0x115AF, 0x115B5, 1},
    {0x115B8, 0x115C0, 1},
    {0x115DC, 0x115DD, 1},
    {0x11630, 0x11640, 1},
    {0x116AB, 0x116B7, 1},
    {0x1171D, 0x1172B, 1},
    {0x1182C, 0x1183A, 1},
    {0x11930, 0x11935, 1},
    {0x11937, 0x11938, 1},
    {0x1193B, 0x1193E, 1},
    {0x11940, 0x11940, 1},
    {0x11942, 0x11943, 1},
    {0x119D1, 0x119D7, 1},
    {0x119DA, 0x119E0, 1},
    {0x119E4, 0x119E4, 1},
    {0x11A01, 0x11A0A, 1},
    {0x11A33, 0x11A39, 1},
    {0x11A3B, 0x11A3E, 1},
    {0x11A47, 0x11A47, 1},
    {0x11A51, 0x11A5B, 1},
    {0x11A8A, 0x11A99, 1},
    {0x11C2F, 0x11C36, 1},
    {0x11C38, 0x11C3F, 1},
    {0x11C92, 0x11CA7, 1},
    {0x11CA9, 0x11CB6, 1},
    {0x11D31, 0x11D36, 1},
    {0x11D3A, 0x11D3A, 1},
    {0x11D3C, 0x11D3D, 1},
    {0x11D3F, 0x11D45, 1},
    {0x11D47, 0x11D47, 1},
    {0x11D8A, 0x11D8E, 1},
    {0x11D90, 0x11D91, 1},
    {0x11D93, 0x11D97, 1},
    {0x11EF3, 0x11EF6, 1},
    {0x11F00, 0x11F01, 1},
    {0x11F03, 0x11F03, 1},
    {0x11F34, 0x11F3A, 1},
    {0x11F3E, 0x11F42, 1},
    {0x13440, 0x13440, 1},
    {0x13447, 0x13455, 1},
    {0x16AF0, 0x16AF4, 1},
    {0x16B30, 0x16B36, 1},
    {0x16F4F, 0x16F4F, 1},
    {0x16F51, 0x16F87, 1},
    {0x16F8F, 0x16F92, 1},
    {0x16FE4, 0x16FE4, 1},
    {0x16FF0, 0x16FF1, 1},
    {0x1BC9D, 0x1BC9E, 1},
    {0x1CF00, 0x1CF2D, 1},
    {0x1CF30, 0x1CF46, 1},
    {0x1D165, 0x1D169, 1},
    {0x1D16D, 0x1D172, 1},
    {0x1D17B, 0x1D182, 1},
    {0x1D185, 0x1D18B, 1},
    {0x1D1AA, 0x1D1AD, 1},
    {0x1D242, 0x1D244, 1},
    {0x1DA00, 0x1DA36, 1},
    {0x1DA3B, 0x1DA6C, 1},
    {0x1DA75, 0x1DA75, 1},
    {0x1DA84, 0x1DA84, 1},
    {0x1DA9B, 0x1DA9F, 1},
    {0x1DAA1, 0x1DAAF, 1},
    {0x1E000, 0x1E006, 1},
    {0x1E008, 0x1E018, 1},
    {0x1E01B, 0x1E021, 1},
    {0x1E023, 0x1E024, 1},
    {0x1E026, 0x1E02A, 1},
    {0x1E08F, 0x1E08F, 1},
    {0x1E130, 0x1E136, 1},
    {0x1E2AE, 0x1E2AE, 1},
    {0x1E2EC, 0x1E2EF, 1},
    {0x1E4EC, 0x1E4EF, 1},
    {0x1E8D0, 0x1E8D6, 1},
    {0x1E944, 0x1E94A, 1},
    {0xE0100, 0xE01EF, 1}
};
static const nci_utable nci_tab_mark = { nci_mark_r16, 190, nci_mark_r32, 120, 0 };

static const nci_ur16 nci_space_r16[] = {
    {0x0009, 0x000D, 1},
    {0x0020, 0x0020, 1},
    {0x0085, 0x0085, 1},
    {0x00A0, 0x00A0, 1},
    {0x1680, 0x1680, 1},
    {0x2000, 0x200A, 1},
    {0x2028, 0x2029, 1},
    {0x202F, 0x202F, 1},
    {0x205F, 0x205F, 1},
    {0x3000, 0x3000, 1}
};
static const nci_ur32 nci_space_r32[] = {
    {0x10000, 0x10000, 1}
};
static const nci_utable nci_tab_space = { nci_space_r16, 10, nci_space_r32, 0, 4 };

static const nci_ur16 nci_zs_r16[] = {
    {0x0020, 0x0020, 1},
    {0x00A0, 0x00A0, 1},
    {0x1680, 0x1680, 1},
    {0x2000, 0x200A, 1},
    {0x202F, 0x202F, 1},
    {0x205F, 0x205F, 1},
    {0x3000, 0x3000, 1}
};
static const nci_ur32 nci_zs_r32[] = {
    {0x10000, 0x10000, 1}
};
static const nci_utable nci_tab_zs = { nci_zs_r16, 7, nci_zs_r32, 0, 2 };

#endif /* NEVERC_UNICODE_TABLES_H */
